CASE_ID,ACCIDENT_YEAR,PROC_DATE,JURIS,COLLISION_DATE,COLLISION_TIME,OFFICER_ID,REPORTING_DISTRICT,DAY_OF_WEEK,CHP_SHIFT,POPULATION,CNTY_CITY_LOC,SPECIAL_COND,BEAT_TYPE,CHP_BEAT_TYPE,CITY_DIVISION_LAPD,CHP_BEAT_CLASS,BEAT_NUMBER,PRIMARY_RD,SECONDARY_RD,DISTANCE,DIRECTION,INTERSECTION,WEATHER_1,WEATHER_2,STATE_HWY_IND,CALTRANS_COUNTY,CALTRANS_DISTRICT,STATE_ROUTE,ROUTE_SUFFIX,POSTMILE_PREFIX,POSTMILE,LOCATION_TYPE,RAMP_INTERSECTION,SIDE_OF_HWY,TOW_AWAY,COLLISION_SEVERITY,NUMBER_KILLED,NUMBER_INJURED,PARTY_COUNT,PRIMARY_COLL_FACTOR,PCF_CODE_OF_VIOL,PCF_VIOL_CATEGORY,PCF_VIOLATION,PCF_VIOL_SUBSECTION,HIT_AND_RUN,TYPE_OF_COLLISION,MVIW,PED_ACTION,ROAD_SURFACE,ROAD_COND_1,ROAD_COND_2,LIGHTING,CONTROL_DEVICE,CHP_ROAD_TYPE,PEDESTRIAN_ACCIDENT,BICYCLE_ACCIDENT,MOTORCYCLE_ACCIDENT,TRUCK_ACCIDENT,NOT_PRIVATE_PROPERTY,ALCOHOL_INVOLVED,STWD_VEHTYPE_AT_FAULT,CHP_VEHTYPE_AT_FAULT,COUNT_SEVERE_INJ,COUNT_VISIBLE_INJ,COUNT_COMPLAINT_PAIN,COUNT_PED_KILLED,COUNT_PED_INJURED,COUNT_BICYCLIST_KILLED,COUNT_BICYCLIST_INJURED,COUNT_MC_KILLED,COUNT_MC_INJURED,PRIMARY_RAMP,SECONDARY_RAMP,LATITUDE,LONGITUDE,COUNTY,CITY,POINT_X,POINT_Y
6678415,2014,2016-06-13,9165,2014-10-11,1300,018506,,6,1,9,3200,0,1,3,,2,051,"RT 70","DELLEKER RD",3696.00,E,N,A,-,Y,PLU,2,70,-,-,74.830,H,-,W,Y,2,0,2,2,A,-,03,22350,,N,B,C,A,A,H,-,A,D,0,,,Y,,Y,,A,01,2,0,0,0,0,0,0,0,2,"- ","- ",39.808120000000002,-120.48719,PLUMAS,UNINCORPORATED,-120.48775087999999,39.808135479999997
90366681,2017,2017-02-10,9165,2017-01-03,1942,019993,,2,2,9,3200,0,1,3,,2,032,SR-70,"BUTTERFLY VALLEY ROAD",528.00,W,N,C,D,Y,,,70,,,,,,,Y,2,0,2,1,A,-,08,22107,,N,E,I,A,C,H,-,D,D,0,,,,,Y,,D,22,1,1,0,0,0,0,0,0,0,"- ","- ",40.008130000000001,-120.96536,PLUMAS,UNINCORPORATED,-120.96541525000001,40.008060460000003
6854619,2015,2015-05-20,9165,2015-03-16,0540,16297,,1,3,9,3200,0,1,3,,2,041,"RT 89","GREENVILLE WOLF CREEK RD",7920.00,N,N,B,-,Y,PLU,2,89,-,-,24.690,H,-,S,Y,1,1,0,1,A,-,03,22350,,N,F,A,A,A,H,-,D,D,0,,,,Y,Y,,G,27,0,0,0,0,0,0,0,0,0,"- ","- ",40.175519999999999,-120.99599000000001,PLUMAS,UNINCORPORATED,-120.98332658,40.174354200000003
91599262,2021,2021-10-18,9165,2021-09-27,1950,019282,,1,2,9,3200,0,3,5,,2,002,"OROVILLE-QUINCY HIGHWAY","USFS ROAD 23N73Y",1584.00,E,N,C,E,N,,,,,,,,,,Y,1,1,2,1,A,-,03,22350,,N,E,I,A,B,H,-,B,D,0,,,,,Y,,A,01,1,1,0,0,0,0,0,0,0,"- ","- ",39.858699798583984,-121.27134704589844,PLUMAS,UNINCORPORATED,,
91899561,2022,2022-10-26,9165,2022-10-19,1502,019781,,3,2,9,3200,0,1,3,,2,055,SR-284,"CHILCOOT CAMPGROUND",3696.00,N,N,A,-,Y,PLU,,284,,,6.190,H,,R,Y,2,0,2,1,A,-,01,23152,A,N,E,I,A,A,H,-,A,D,0,,,,,Y,Y,A,07,1,1,0,0,0,0,0,0,0,"- ","- ",39.872570037841797,-120.17755126953125,PLUMAS,UNINCORPORATED,-120.17752075195312,39.872573852539062
91034868,2019,2019-07-22,9165,2019-07-13,1350,019416,,6,1,9,3200,0,3,5,,2,004,"PECKS VALLEY RD","COUNTRY ROAD",170.00,S,N,A,-,N,,,,,,,,,,N,2,0,1,1,A,-,03,22350,,N,E,I,A,A,H,-,A,D,0,,,Y,,Y,,C,02,1,0,0,0,0,0,0,0,1,"- ","- ",40.152690887451172,-120.93389129638672,PLUMAS,UNINCORPORATED,-120.93400573730469,40.152755737304688
92161632,2023,2023-09-04,9165,2023-08-29,1820,019282,,2,2,9,3200,0,1,3,,2,030,SR-70,"RODGERS FLAT",4752.00,E,N,A,-,Y,PLU,,70," "," ",10.712,H,,R,Y,2,0,1,1,A,-,03,22350,,N,F,0,A,A,C,-,A,D,0,,,Y,,Y,,C,02,1,0,0,0,0,0,0,0,1,"- ","- ",39.969558715820312,-121.27574157714844,PLUMAS,UNINCORPORATED,-121.27574157714844,39.969562530517578
90578682,2017,2017-10-25,9165,2017-10-04,1630,018046,,3,2,9,3200,0,1,3,,2,030,SR-70,"STORRIE ROAD",1584.00,W,N,A,-,Y,,,70,,,,,,,Y,1,1,1,1,A,-,08,22107,,N,E,I,A,A,H,-,A,D,0,,,,,Y,,A,08,0,1,0,0,0,0,0,0,0,"- ","- ",39.910469999999997,-121.32928,PLUMAS,UNINCORPORATED,-121.32930408999999,39.910503480000003
92438485,2024,2024-07-15,9165,2024-07-06,1845,020569,,6,2,9,3200,0,1,3,,2,051,SR-70,"SR-89 (S)",0.00,,Y,A,-,Y,PLU,,70," ",R,66.630,H,,R,Y,2,0,1,2,A,-,09,21801,A,N,D,2,A,A,H,-,A,D,0,,,,,Y,Y,D,22,1,0,0,0,0,0,0,0,0,"- ","- ",39.784370422363281,-120.62007141113281,PLUMAS,UNINCORPORATED,-120.62002563476562,39.784423828125
91077594,2019,2019-09-18,9165,2019-09-10,1737,018046,,2,2,9,3200,0,1,3,,2,011,SR-70,"CHANDLER ROAD",266.00,W,N,B,-,Y,,,70,,,,,,,Y,2,0,1,1,A,-,01,23152,A,N,F,A,A,A,H,-,A,D,0,,,,,Y,Y,A,07,1,0,0,0,0,0,0,0,0,"- ","- ",39.936668395996094,-120.86367034912109,PLUMAS,UNINCORPORATED,-120.8636474609375,39.936550140380859
6635929,2014,2014-10-09,9165,2014-09-20,1046,014395,,6,1,9,3200,0,3,5,,2,002,"BUCKS LAKE RD","BUCKS SUMMIT",2640.00,E,N,B,-,N,,,,,,,,,,N,2,0,1,1,A,-,03,22350,,N,F,A,A,A,H,-,A,D,0,,,Y,,Y,,C,02,1,0,0,0,0,0,0,0,1,"- ","- ",,,PLUMAS,UNINCORPORATED,-121.11718173,39.903015109999998
92134371,2023,2023-08-02,9165,2023-07-28,1120,017447,,5,1,9,3200,0,3,5,,2,002,"BUCKS LAKE ROAD","USFS 23N85Y",2112.00,E,N,A,-,N,,,,,,,,,,Y,2,0,1,1,A,-,08,22107,,N,E,I,A,A,H,-,A,D,0,,,Y,,Y,,C,02,1,0,0,0,0,0,0,0,1,"- ","- ",39.856571197509766,-121.24928283691406,PLUMAS,UNINCORPORATED,,
6911405,2015,2016-11-04,9165,2015-04-25,1545,020692,,6,2,9,3200,0,1,3,,2,055,"RT 284","CHILCOOT CAMPGROUND",271.00,S,N,B,-,Y,PLU,2,284,-,-,5.450,H,-,N,Y,2,0,1,1,A,-,01,23152,A,N,E,I,A,A,H,-,A,D,0,,,,,Y,Y,A,07,1,0,0,0,0,0,0,0,0,"- ","- ",39.867370000000001,-120.16741,PLUMAS,UNINCORPORATED,-120.16861364,39.867470730000001
91193610,2020,2020-02-26,9165,2020-02-17,1530,021571,,1,2,9,3200,0,1,3,,2,031,SR-70,"RUSH CREEK ROAD",5280.00,W,N,A,-,Y,,,70,,,,,,,Y,2,0,1,1,A,-,08,22107,,N,E,I,A,A,H,-,A,D,0,,,,Y,Y,,G,25,1,0,0,0,0,0,0,0,0,"- ","- ",40.028598785400391,-121.13546752929688,PLUMAS,UNINCORPORATED,-121.13546752929688,40.028591156005859
91402424,2021,2021-02-04,9140,2021-01-30,2255,020502,,6,3,9,3200,0,1,3,,2,052,"STATE ROUTE 147","INDIAN HILLS ROAD",1584.00,S,N,A,-,Y,,,147,,,,,,,Y,2,0,1,1,A,-,01,23152,A,N,E,I,A,C,H,-,D,D,0,,,,,Y,Y,E,22,1,0,0,0,0,0,0,0,0,"- ","- ",40.255619049072266,-121.08074188232422,PLUMAS,UNINCORPORATED,-121.08074951171875,40.255615234375
90622462,2017,2017-12-21,9165,2017-12-03,0219,019583,,7,3,9,3200,0,1,3,,2,052,SR-70,"GRIZZLY RD",3168.00,W,N,B,D,Y,,,70,,,,,,,Y,1,1,0,1,A,-,01,23152,A,N,E,I,A,C,B,-,D,D,0,,,,,Y,Y,A,07,0,0,0,0,0,0,0,0,0,"- ","- ",39.822510000000001,-120.43091,PLUMAS,UNINCORPORATED,-120.43087801,39.822425010000003
90721824,2018,2018-06-27,9165,2018-05-01,1432,019781,,2,2,9,3200,0,1,3,,2,051,SR-70,"W. SIERRA AVE",2112.00,W,N,A,-,Y,,,70,,,,,,,Y,2,0,1,2,A,-,05,21460,A,N,A,C,A,A,H,-,A,D,0,,,,,Y,,A,07,1,0,0,0,0,0,0,0,0,"- ","- ",39.805641174316406,-120.47988128662109,PLUMAS,UNINCORPORATED,-120.47988128662109,39.805629730224609
90801950,2018,2018-08-30,9140,2018-08-27,2145,015598,,1,2,9,3200,0,3,5,,2,050,"PENINSULA DR.","LAKEVIEW TERRACE",108.00,E,N,A,-,N,,,,,,,,,,Y,2,0,1,1,A,-,01,23152,A,N,E,I,A,A,H,-,D,D,0,,,,,Y,Y,A,07,1,0,0,0,0,0,0,0,0,"- ","- ",40.278511047363281,-121.11955261230469,PLUMAS,UNINCORPORATED,-121.11922454833984,40.277961730957031
90325396,2016,2016-11-21,9165,2016-11-06,0100,018046,,7,3,9,3200,0,1,3,,2,030,SR-70,"BUTTE COUNTY LINE",7920.00,E,N,B,-,Y,,,70,,,,,,,Y,2,0,1,1,A,-,08,22107,,N,E,I,A,A,H,-,D,D,0,,,,,Y,,A,07,1,0,0,0,0,0,0,0,0,"- ","- ",39.880369999999999,-121.37107,PLUMAS,UNINCORPORATED,-121.37088215999999,39.880285170000001
91536413,2021,2021-08-04,9165,2021-07-25,0038,018622,,7,3,9,3200,0,1,3,,2,052,SR-70,"MADDALINA RD.",8448.00,E,N,A,-,Y,,,70,,,,,,,Y,2,0,6,2,A,-,01,23152,A,N,A,2,A,A,H,-,D,D,0,,,,,Y,Y,A,07,6,0,0,0,0,0,0,0,0,"- ","- ",39.809551239013672,-120.28961944580078,PLUMAS,UNINCORPORATED,-120.28961944580078,39.809539794921875
91958494,2022,2023-01-03,9285,2022-12-26,1530,018986,,1,2,9,3200,0,3,5,,1,008,"NATIONAL FOREST ROAD","QUINCY LA PORTE ROAD",530.00,W,N,B,-,N,,,,,,,,,,N,2,0,2,1,B,-,22,,,N,F,A,A,C,H,-,A,D,0,,,,,Y,,M,96,1,1,0,0,0,0,0,0,0,"- ","- ",39.686470031738281,-120.98542785644531,PLUMAS,UNINCORPORATED,,
90768565,2018,2018-07-13,9165,2018-07-06,1342,014395,,5,1,9,3200,0,1,3,,2,032,SR-70,"SR-89 (N)",2112.00,E,N,B,-,Y,,,70,,,,,,,Y,2,0,1,1,A,-,08,22107,,N,E,I,A,A,H,-,A,D,0,,,,,Y,,A,01,1,0,0,0,0,0,0,0,0,"- ","- ",40.036418914794922,-120.97872924804688,PLUMAS,UNINCORPORATED,-120.97871398925781,40.036441802978516
94407169,2024,2024-09-25,9140,2024-09-14,"315 ",021043,,6,3,9,3200,0,3,5,,2,050,"LAKE ALMANOR WEST DRIVE","LONG IRON DRIVE CENTERLINE PROLONGATION",178.00,W,N,A,-,N,,,,,,,,,,N,2,0,1,1,A,-,01,23152,A,N,H,A,A,A,H,-,D,D,0,,,,,Y,Y,M,96,1,0,0,0,0,0,0,0,0,"- ","- ",40.241550445556641,-121.2021484375,PLUMAS,UNINCORPORATED,-121.20207214355469,40.241546630859375
90508549,2017,2017-07-26,9165,2017-07-16,1825,019392,,7,2,9,3200,0,1,3,,2,021,SR-70,"GILL RANCH ROAD",36.00,W,N,A,-,Y,,,70,,,,,,,Y,2,0,3,2,A,-,01,23152,A,N,A,C,A,A,H,-,A,D,0,,,,,Y,Y,A,07,2,1,0,0,0,0,0,0,0,"- ","- ",39.870910000000002,-120.70956,PLUMAS,UNINCORPORATED,-120.70955773999999,39.870916350000002
91329905,2020,2020-10-23,9165,2020-10-18,1340,018859,,7,1,9,3200,0,3,5,,2,002,"QUINCY LA PORTE RD","QUINCY SHORT CUT RD",5280.00,N,N,A,-,N,,,,,,,,,,Y,2,0,1,1,A,-,03,22350,,N,E,J,A,A,C,-,A,D,0,,,Y,,Y,,C,02,1,0,0,0,0,0,0,0,1,"- ","- ",39.756198883056641,-120.91181945800781,PLUMAS,UNINCORPORATED,,
90288849,2016,2016-10-11,9165,2016-10-08,0820,019416,,6,1,9,3200,0,1,3,,2,032,SR-70,"SR-89 (GREENVILLE WYE)",5280.00,E,N,A,-,Y,,,70,,,,,,,Y,2,0,1,1,A,-,01,23152,A,N,F,A,A,A,H,-,A,D,0,,,,,Y,Y,A,07,1,0,0,0,0,0,0,0,0,"- ","- ",40.039450000000002,-120.97076,PLUMAS,UNINCORPORATED,-120.97077616999999,40.0394699
94435554,2024,2024-10-17,9285,2024-10-11,1900,022320,,5,2,9,3200,0,3,5,,1,008,"LA PORTE ROAD","LA PORTE PINES ROAD",2640.00,S,N,A,-,N,,,,,,,,,,Y,2,0,1,1,A,-,03,22350,,N,E,8,A,A,H,-,A,D,0,,,Y,,Y,,C,02,1,0,0,0,0,0,0,0,1,"- ","- ",39.659278869628906,-121.01560211181641,PLUMAS,UNINCORPORATED,,
6678281,2014,2016-01-14,9165,2014-09-22,1602,13901,,1,2,9,3200,0,1,3,,2,051,"RT 70","SIERRA SPRINGS DR",375.00,E,N,A,-,Y,PLU,2,70,-,-,70.170,H,-,E,Y,1,1,5,3,A,-,01,23152,E,N,A,C,A,A,H,-,A,D,0,,,,,Y,Y,A,01,4,1,0,0,0,0,0,0,0,"- ","- ",39.777279999999998,-120.56435,PLUMAS,UNINCORPORATED,-120.56321416999999,39.777504219999997
91471684,2021,2021-05-27,9165,2021-05-04,1110,019416,,2,1,9,3200,0,1,3,,2,040,SR-89,"PIONEER ROAD",1056.00,N,N,A,-,Y,,,89,,,,,,,Y,2,0,3,2,A,-,06,21755,A,N,B,C,A,A,H,-,A,D,0,,,,Y,Y,,A,01,1,1,1,0,0,0,0,0,0,"- ","- ",40.117549896240234,-120.90673828125,PLUMAS,UNINCORPORATED,-120.90676879882812,40.1175537109375
90740013,2018,2018-06-04,9165,2018-05-29,2142,019993,,2,2,9,3200,0,1,3,,2,032,SR-70,"KEDDIE RESORT RD",3696.00,W,N,A,-,Y,,,70,,,,,,,Y,2,0,1,1,A,-,01,23152,A,N,E,I,A,A,H,-,D,D,0,,,,,Y,Y,A,01,1,0,0,0,0,0,0,0,0,"- ","- ",40.020610809326172,-120.95938110351562,PLUMAS,UNINCORPORATED,-120.95936584472656,40.020614624023438
91844181,2022,2022-08-19,9165,2022-07-19,1157,019583,,2,1,9,3200,0,1,3,,2,051,SR-70,"SIERRA SPRINGS DRIVE",798.00,E,N,A,-,Y,PLU,,70,,,70.194,H,,R,Y,1,1,2,1,A,-,01,23152,F,N,F,0,A,A,H,-,A,D,0,,,,,Y,,A,01,2,0,0,0,0,0,0,0,0,"- ","- ",39.77825927734375,-120.56159210205078,PLUMAS,UNINCORPORATED,-120.56158447265625,39.778251647949219
6621616,2014,2016-04-28,9165,2014-08-27,1245,019781,,3,1,9,3200,0,1,3,,2,050,"RT 89","NOMLAKI TRAIL",60.00,N,N,A,-,Y,PLU,2,89,-,-,6.200,H,-,S,Y,2,0,2,2,A,-,03,22350,,N,B,C,A,A,H,-,A,D,0,,,Y,,Y,,C,02,1,0,1,0,0,0,0,0,2,"- ","- ",39.756050000000002,-120.60107000000001,PLUMAS,UNINCORPORATED,-120.60109203,39.756176400000001
92117744,2023,2023-07-17,9165,2023-07-13,1110,019416,,4,1,9,3200,0,1,3,,2,040,SR-89,"MAIN ST",0.00,,Y,A,-,Y,PLU,,89," "," ",20.470,H,,R,Y,2,0,2,2,A,-,03,22350,,F,G,B,B,A,H,-,A,D,0,Y,,,,Y,,D,22,1,1,0,0,1,0,0,0,0,"- ","- ",40.139801025390625,-120.95091247558594,PLUMAS,UNINCORPORATED,-120.95095062255859,40.139766693115234
91029152,2019,2019-07-11,9165,2019-07-02,1635,019558,,2,2,9,3200,0,1,3,,2,040,SR-89,"PIONEER ROAD",1726.00,N,N,A,-,Y,,,89,,,,,,,Y,2,0,3,1,A,-,08,22107,,N,E,I,A,A,H,-,A,D,0,,,,,Y,,A,01,1,0,2,0,0,0,0,0,0,"- ","- ",40.120349884033203,-120.90850067138672,PLUMAS,UNINCORPORATED,-120.90842437744141,40.120399475097656
92199284,2023,2023-10-16,9165,2023-10-12,1120,017447,,4,1,9,3200,0,1,3,,2,020,SR-70,"OLD STATE HIGHWAY 402A",321.00,E,N,A,-,Y,PLU,,70," "," ",50.550,H,,R,Y,2,0,1,1,A,-,08,22107,,N,E,I,A,A,H,-,A,D,0,,,,,Y,,D,22,1,0,0,0,0,0,0,0,0,"- ","- ",39.916309356689453,-120.82386779785156,PLUMAS,UNINCORPORATED,-120.82388305664062,39.916263580322266
6955066,2015,2016-11-04,9140,2015-06-02,1554,19971,,2,2,9,3200,0,1,3,,2,051,"RT 36","RT 147",6864.00,W,N,A,-,Y,PLU,2,36,-,-,18.100,H,-,E,Y,2,0,1,1,A,-,01,23152,F,N,E,I,A,A,H,-,A,D,0,,,,,Y,Y,A,07,1,0,0,0,0,0,0,0,0,"- ","- ",40.314660000000003,-121.06737,PLUMAS,UNINCORPORATED,-121.06697509999999,40.31464579
92270191,2023,2023-12-25,9165,2023-12-18,"515 ",018859,,1,3,9,3200,0,1,3,,2,020,SR-70,"GREENHORN RANCH RD",2112.00,W,N,B,C,Y,PLU,,70," "," ",52.304,H,,R,Y,2,0,1,1,A,-,03,22350,,N,E,I,A,B,H,-,D,D,0,,,,,Y,,A,07,1,0,0,0,0,0,0,0,0,"- ","- ",39.905891418457031,-120.79598236083984,PLUMAS,UNINCORPORATED,-120.79601287841797,39.905845642089844
6791557,2015,2016-09-07,9165,2015-01-03,2014,019392,,6,2,9,3200,0,1,3,,2,011,"RT 70","MILL CREEK RD",170.00,W,N,A,-,Y,PLU,2,70,-,-,45.560,H,-,W,Y,2,0,1,1,A,-,08,22107,,N,E,I,A,A,H,-,C,D,0,,,,,Y,,A,01,1,0,0,0,0,0,0,0,0,"- ","- ",,,PLUMAS,UNINCORPORATED,-120.9051692,39.934295169999999
91128570,2019,2019-11-25,9165,2019-11-15,1145,014395,,5,1,9,3200,0,1,3,,2,030,SR-70,"DE SABLA HYDRO HEADQUARTERS",3168.00,E,N,A,-,Y,,,70,,,,,,,Y,2,0,1,1,A,-,08,22107,,N,E,I,A,A,H,-,A,D,0,,,,,Y,,D,22,1,0,0,0,0,0,0,0,0,"- ","- ",39.966831207275391,-121.27516174316406,PLUMAS,UNINCORPORATED,-121.275146484375,39.966854095458984
91841627,2022,2022-08-16,9140,2022-05-04,0330,015598,,3,3,9,3200,0,1,3,,2,053,"STATE ROUTE 89","PRATVILLE BUTT RESERVOIR ROAD",1616.00,N,N,A,-,Y,PLU,,89,,,35.510,H,,R,Y,1,1,0,1,A,-,01,23152,F,N,E,I,A,A,H,-,D,D,0,,,,,Y,,D,22,0,0,0,0,0,0,0,0,0,"- ","- ",40.206199645996094,-121.17342376708984,PLUMAS,UNINCORPORATED,-121.17343902587891,40.206180572509766
92028515,2023,2023-03-27,9165,2023-03-21,"650 ",018046,,2,1,9,3200,0,1,3,,2,020,SR-70,"SPRING GARDEN OVERHEAD (EAST END)",396.00,E,N,B,-,Y,PLU,,70," "," ",51.385,H,,R,Y,2,0,1,1,A,-,03,22350,,N,E,8,A,C,H,-,A,D,0,,,,,Y,,D,22,1,0,0,0,0,0,0,0,0,"- ","- ",39.911769866943359,-120.81034851074219,PLUMAS,UNINCORPORATED,-120.81034088134766,39.911731719970703
90399837,2017,2017-02-24,9285,2017-02-15,1345,015491,,3,1,9,3200,0,3,5,,2,085,"FIRE ROAD","LAPORTE ROAD",1500.00,S,N,A,-,N,,,,,,,,,,N,2,0,2,1,B,-,22,,,N,H,A,A,C,H,-,A,D,0,,,,,Y,,M,96,1,1,0,0,0,0,0,0,0,"- ","- ",39.679960000000001,-120.98424,PLUMAS,UNINCORPORATED,-120.98424,39.679960000000001
90906968,2019,2019-01-18,9165,2019-01-13,1913,019781,,7,2,9,3200,0,1,3,,2,051,SR-70,"74631 SR-70",100.00,E,N,A,-,Y,,,70,,,,,,,Y,2,0,1,1,A,-,08,22107,,N,E,I,A,A,H,-,C,D,0,,,,,Y,,A,07,1,0,0,0,0,0,0,0,0,"- ","- ",39.807781219482422,-120.48513793945312,PLUMAS,UNINCORPORATED,-120.48516845703125,39.807712554931641
90057484,2015,2015-11-23,9165,2015-11-04,1852,018506,,3,2,9,3200,0,1,3,,2,051,SR-70,"SIERRA SPRINGS DR.",528.00,E,N,A,-,Y,,,70,,,,,,,Y,1,1,0,1,A,-,01,23152,A,N,H,H,A,A,H,-,D,D,0,,,,,Y,Y,A,07,0,0,0,0,0,0,0,0,0,"- ","- ",39.777500000000003,-120.56310999999999,PLUMAS,UNINCORPORATED,-120.56311808,39.777527919999997
90789212,2018,2018-08-13,9165,2018-07-27,2130,018600,,5,2,9,3200,0,3,5,,2,005,"BECKWOURTH GENESEE RD","CROCKER MT RD",8448.00,S,N,A,-,N,,,,,,,,,,Y,2,0,1,1,A,-,01,23152,A,N,F,A,A,A,H,-,D,D,0,,,,,Y,Y,D,22,1,0,0,0,0,0,0,0,0,"- ","- ",39.873420715332031,-120.40602111816406,PLUMAS,UNINCORPORATED,-120.41705322265625,39.912712097167969
90749664,2018,2018-06-18,9165,2018-06-08,1130,018243,,5,1,9,3200,0,3,5,,2,005,"BECKWOURTH CALPINE ROAD (COUNTY RD A23)","VALLE VISTA DRIVE",1056.00,S,N,A,-,N,,,,,,,,,,Y,2,0,2,2,A,-,08,22107,,N,B,C,A,A,H,-,A,D,0,,,Y,,Y,,C,02,2,0,0,0,0,0,0,0,2,"- ","- ",39.775829315185547,-120.37937164306641,PLUMAS,UNINCORPORATED,-120.37831878662109,39.774997711181641
90244697,2016,2016-08-15,9165,2016-08-08,1933,019392,,1,2,9,3200,0,1,3,,2,010,SR-70,"BARLOW ROAD",528.00,E,N,A,-,Y,,,70,,,,,,,Y,2,0,2,1,A,-,01,23152,A,F,F,A,A,A,H,-,A,D,0,,,,,Y,Y,D,22,1,1,0,0,0,0,0,0,0,"- ","- ",39.973509999999997,-120.93735,PLUMAS,UNINCORPORATED,-120.93737406,39.973515069999998
92302562,2024,2024-02-01,9165,2024-01-26,1210,019416,,5,1,9,3200,0,1,3,,2,040,SR-89,"SR-70 (GREENVILLE WYE)",3696.00,N,N,B,-,Y,PLU,,89," "," ",9.491,H,,R,Y,2,0,1,1,A,-,08,22107,,N,E,I,A,A,B,-,A,D,0,,,,,Y,,A,07,1,0,0,0,0,0,0,0,0,"- ","- ",40.042018890380859,-120.97650146484375,PLUMAS,UNINCORPORATED,-120.97644805908203,40.042045593261719
92393312,2024,2024-05-20,9165,2024-05-11,1548,020692,,6,2,9,3200,0,1,3,,2,052,SR-70,"MADDALENA RD",3168.00,W,N,A,-,Y,PLU,,70," "," ",83.806,H,,R,Y,2,0,1,1,A,-,03,22350,,N,F,A,A,A,H,-,A,D,0,,,Y,,Y,,C,02,1,0,0,0,0,0,0,0,1,"- ","- ",39.817100524902344,-120.3306884765625,PLUMAS,UNINCORPORATED,-120.3306884765625,39.817089080810547
91046838,2019,2019-08-07,9165,2019-08-04,1845,018600,,7,2,9,3200,0,1,3,,2,052,SR-70,"GREEN GULCH RD",6336.00,W,N,A,-,Y,,,70,,,,,,,Y,2,0,1,1,A,-,08,22107,,N,F,A,A,A,H,-,A,D,0,,,Y,,Y,,C,02,1,0,0,0,0,0,0,0,1,"- ","- ",39.809738159179688,-120.25298309326172,PLUMAS,UNINCORPORATED,-120.25298309326172,39.809669494628906
91267061,2020,2020-07-13,9165,2020-07-05,1340,019416,,7,1,9,3200,0,1,3,,2,040,SR-89,"FORGAY ROAD",2640.00,S,N,A,-,Y,,,89,,,,,,,Y,2,0,1,1,A,-,08,22107,,N,F,A,A,A,H,-,A,D,0,,,Y,,Y,,C,02,1,0,0,0,0,0,0,0,1,"- ","- ",40.131019592285156,-120.91803741455078,PLUMAS,UNINCORPORATED,-120.91793060302734,40.131000518798828
92091558,2023,2023-06-12,9140,2023-05-30,2045,021043,,2,2,9,3200,0,3,5,,2,050,"CHESTER WARNER VALLEY ROAD","JUNIPER LAKE ROAD",8448.00,W,N,A,-,N,,,,,,,,,,Y,2,0,1,1,A,-,01,23152,A,N,E,8,A,A,H,-,D,D,0,,,,,Y,Y,D,22,1,0,0,0,0,0,0,0,0,"- ","- ",40.308670043945312,-121.26589965820312,PLUMAS,UNINCORPORATED,,
90820345,2018,2018-09-25,9165,2018-09-16,1200,018046,,7,1,9,3200,0,3,5,,2,002,"BUCKS LAKE ROAD","FOREST SERVICE ROAD 23N15",3168.00,E,N,A,-,N,,,,,,,,,,N,2,0,1,1,A,-,03,22350,,N,E,J,A,A,H,-,A,D,0,,,Y,,Y,,C,02,1,0,0,0,0,0,0,0,1,"- ","- ",39.773811340332031,-121.30664825439453,PLUMAS,UNINCORPORATED,,