CASE_ID,ACCIDENT_YEAR,PROC_DATE,JURIS,COLLISION_DATE,COLLISION_TIME,OFFICER_ID,REPORTING_DISTRICT,DAY_OF_WEEK,CHP_SHIFT,POPULATION,CNTY_CITY_LOC,SPECIAL_COND,BEAT_TYPE,CHP_BEAT_TYPE,CITY_DIVISION_LAPD,CHP_BEAT_CLASS,BEAT_NUMBER,PRIMARY_RD,SECONDARY_RD,DISTANCE,DIRECTION,INTERSECTION,WEATHER_1,WEATHER_2,STATE_HWY_IND,CALTRANS_COUNTY,CALTRANS_DISTRICT,STATE_ROUTE,ROUTE_SUFFIX,POSTMILE_PREFIX,POSTMILE,LOCATION_TYPE,RAMP_INTERSECTION,SIDE_OF_HWY,TOW_AWAY,COLLISION_SEVERITY,NUMBER_KILLED,NUMBER_INJURED,PARTY_COUNT,PRIMARY_COLL_FACTOR,PCF_CODE_OF_VIOL,PCF_VIOL_CATEGORY,PCF_VIOLATION,PCF_VIOL_SUBSECTION,HIT_AND_RUN,TYPE_OF_COLLISION,MVIW,PED_ACTION,ROAD_SURFACE,ROAD_COND_1,ROAD_COND_2,LIGHTING,CONTROL_DEVICE,CHP_ROAD_TYPE,PEDESTRIAN_ACCIDENT,BICYCLE_ACCIDENT,MOTORCYCLE_ACCIDENT,TRUCK_ACCIDENT,NOT_PRIVATE_PROPERTY,ALCOHOL_INVOLVED,STWD_VEHTYPE_AT_FAULT,CHP_VEHTYPE_AT_FAULT,COUNT_SEVERE_INJ,COUNT_VISIBLE_INJ,COUNT_COMPLAINT_PAIN,COUNT_PED_KILLED,COUNT_PED_INJURED,COUNT_BICYCLIST_KILLED,COUNT_BICYCLIST_INJURED,COUNT_MC_KILLED,COUNT_MC_INJURED,PRIMARY_RAMP,SECONDARY_RAMP,LATITUDE,LONGITUDE,COUNTY,CITY,POINT_X,POINT_Y
94359566,2024,2024-08-19,9285,2024-08-11,1500,018986,,7,2,9,3200,0,3,5,,2,085,"PENINSULA ROAD","SNOWSHOE LANE",2437.00,N,N,A,-,N,,,,,,,,,,N,2,0,1,1,A,-,08,22107,,N,F,A,A,A,H,-,A,D,0,,,Y,,Y,,C,02,1,0,0,0,0,0,0,0,1,"- ","- ",39.722381591796875,-120.98210906982422,PLUMAS,UNINCORPORATED,,
91320104,2020,2020-10-08,9140,2020-09-27,1541,021238,,7,2,9,3200,0,1,3,,2,051,"STATE ROUTE 36","STATE ROUTE 89",13200.00,W,N,A,-,Y,,,,,,,,,,Y,2,0,2,2,A,-,08,22107,,N,A,C,A,A,H,-,A,D,0,,,,,Y,,A,01,1,1,0,0,0,0,0,0,0,"- ","- ",40.260818481445312,-120.28504180908203,PLUMAS,UNINCORPORATED,-121.28594207763672,40.260383605957031
6718013,2014,2015-12-28,9165,2014-11-02,0130,19282,,7,3,9,3200,0,3,5,,2,004,"WOLF CREEK RD","LANDON AV",143.00,N,N,B,-,N,,,,,,,,,,Y,1,1,0,4,A,-,01,23152,A,N,D,E,A,A,H,-,D,D,0,,,,,Y,Y,D,22,0,0,0,0,0,0,0,0,0,"- ","- ",,,PLUMAS,UNINCORPORATED,,
90092291,2015,2016-01-11,9140,2015-12-19,2345,019971,,6,3,9,3200,0,1,3,,2,051,"STATE ROUTE 36","MELISSA AVE",528.00,E,N,B,-,Y,,,,,,,,,,Y,2,0,1,1,A,-,03,22350,,N,E,I,A,C,H,-,D,D,0,,,,,Y,,A,07,1,0,0,0,0,0,0,0,0,"- ","- ",,,PLUMAS,UNINCORPORATED,-121.22102653,40.312785429999998
91927936,2022,2022-11-28,9165,2022-11-21,0920,018046,,1,1,9,3200,0,1,3,,2,021,SR-70,"CAMP LAYMAN ROAD",528.00,W,N,A,-,Y,PLU,,70,,R,61.344,H,,R,Y,2,0,1,1,A,-,08,22107,,N,F,A,A,A,H,-,A,D,0,,,,Y,Y,,F,27,1,0,0,0,0,0,0,0,0,"- ","- ",39.836688995361328,-120.67485046386719,PLUMAS,UNINCORPORATED,-120.67486572265625,39.836685180664062
94660666,2025,2025-04-23,9165,2025-04-08,"658 ",023990,,2,1,9,3200,0,1,3,,2,031,"SR-70 W/B","RUSH CREEK ROAD",3696.00,W,N,A,-,Y,PLU,,70," "," ",22.956,H,,L,Y,2,0,3,2,A,-,05,21460,A,N,A,8,A,A,H,-,A,D,0,,,,,Y,,A,01,3,0,0,0,0,0,0,0,0,"- ","- ",40.027530670166016,-121.13136291503906,PLUMAS,UNINCORPORATED,-121.13135528564453,40.027545928955078
91082424,2019,2019-10-31,9165,2019-09-02,0826,018243,,1,1,9,3200,0,1,3,,2,050,SR-89,"WHITEHAWK DRIVE",1584.00,S,N,A,-,Y,,,89,,,,,,,Y,1,1,0,1,A,-,08,22107,,N,E,I,A,A,H,-,A,D,0,,,,,Y,,A,01,0,0,0,0,0,0,0,0,0,"- ","- ",39.715808868408203,-120.53328704833984,PLUMAS,UNINCORPORATED,-120.53337097167969,39.715839385986328
90215784,2016,2016-07-05,9140,2016-07-02,0345,015686,,6,3,9,3200,0,3,5,,2,050,"CHESTER WARNER VALLEY ROAD","JUNIPER LAKE ROAD",3168.00,W,N,A,-,N,,,,,,,,,,Y,2,0,3,1,C,-,18,,,F,E,I,A,A,H,-,A,D,0,,,,,Y,,-,"- ",1,0,2,0,0,0,0,0,0,"- ","- ",40.310130000000001,-121.2495,PLUMAS,UNINCORPORATED,-121.24952853000001,40.310160719999999
90876075,2018,2018-12-05,9165,2018-11-27,1808,018622,,2,2,9,3200,0,1,3,,2,040,SR-89,"PIONEER RD.",528.00,S,N,C,-,Y,,,89,,,,,,,Y,2,0,1,1,A,-,08,22107,,N,F,I,A,B,H,-,D,D,0,,,,,Y,,A,01,1,0,0,0,0,0,0,0,0,"- ","- ",40.115398406982422,-120.90695190429688,PLUMAS,UNINCORPORATED,-120.90692138671875,40.115402221679688
91072115,2019,2019-09-11,9165,2019-08-30,2100,020692,,5,2,9,3200,0,3,5,,2,005,"BECKWOURTH GENESEE RD","NORTH ST.",3696.00,N,N,A,-,N,,,,,,,,,,Y,2,0,1,1,C,-,18,,,N,H,H,A,A,H,-,D,D,0,,,Y,,Y,,-,"- ",1,0,0,0,0,0,0,0,1,"- ","- ",39.831329345703125,-120.37541961669922,PLUMAS,UNINCORPORATED,-120.37538909912109,39.831081390380859
91506411,2021,2021-06-25,9165,2021-06-19,0928,014395,,6,1,9,3200,0,1,3,,2,041,SR-89,"GREENVILLE - WOLF CREEK RD.",0.00,,Y,A,-,Y,,,89,,,,,,,N,2,0,1,1,A,-,03,22350,,N,E,I,A,A,H,-,A,D,0,,Y,,,Y,,L,04,1,0,0,0,0,0,1,0,0,"- ","- ",40.169940948486328,-120.96864318847656,PLUMAS,UNINCORPORATED,-120.9686279296875,40.169994354248047
91530557,2021,2021-07-28,9285,2021-07-18,1920,020224,,7,2,9,3200,0,3,5,,2,085,"LITTLE GRASS VALLEY RD","OLD LITTLE GRASS VALLEY RD",400.00,S,N,A,-,N,,,,,,,,,,Y,2,0,1,1,A,-,01,23152,A,N,E,J,A,A,H,-,A,D,0,,,,,Y,Y,A,01,1,0,0,0,0,0,0,0,0,"- ","- ",39.708839416503906,-120.97335815429688,PLUMAS,UNINCORPORATED,-120.97313690185547,39.709110260009766
90914479,2019,2019-01-29,9165,2019-01-24,2120,017447,,4,2,9,3200,0,1,3,,2,031,SR-70,"RUSH CREEK ROAD",3168.00,W,N,A,-,Y,,,70,,,,,,,Y,2,0,1,1,A,-,08,22107,,N,F,A,A,A,H,-,D,D,0,,,,Y,Y,,G,25,1,0,0,0,0,0,0,0,0,"- ","- ",40.028671264648438,-121.12896728515625,PLUMAS,UNINCORPORATED,-121.12895965576172,40.028656005859375
91649584,2021,2021-12-13,9140,2021-12-03,1329,021815,,5,1,9,3200,0,1,3,,2,051,SR-36,"WILLOW WAY",11.00,W,N,A,-,Y,,,36,,,,,,,Y,2,0,1,2,A,-,03,22350,,N,C,C,A,A,H,-,A,D,0,,,,,Y,,D,22,1,0,0,0,0,0,0,0,0,"- ","- ",40.308101654052734,-121.23053741455078,PLUMAS,UNINCORPORATED,-121.23062896728516,40.30816650390625
6606081,2014,2014-09-18,9165,2014-05-17,2232,19392,,6,3,9,3200,0,3,5,,2,001,"LEE RD","SIERRA PARK DR",126.00,E,N,B,-,N,,,,,,,,,,Y,1,1,0,1,A,-,01,23152,A,N,E,I,A,A,H,-,C,D,0,,,,,Y,Y,D,22,0,0,0,0,0,0,0,0,0,"- ","- ",39.942509999999999,-120.92028000000001,PLUMAS,UNINCORPORATED,-120.92045028,39.942501970000002
90231808,2016,2016-08-02,9165,2016-07-15,1316,019282,,5,1,9,3200,0,1,3,,2,010,SR-70,"BARLOW RD",31.00,W,N,A,-,Y,,,70,,,,,,,Y,1,1,1,2,A,-,03,22350,,N,C,C,A,A,H,-,A,D,0,,,Y,,Y,,C,02,0,0,1,0,0,0,0,1,0,"- ","- ",39.975760000000001,-120.93768,PLUMAS,UNINCORPORATED,-120.93767216000001,39.975764300000002
91539654,2021,2021-08-09,9165,2021-08-03,1805,018859,,2,2,9,3200,0,3,5,,2,001,"QUINCY JUNCTION ROAD","CLEAR CREEK ROAD",146.00,N,N,A,-,N,,,,,,,,,,Y,2,0,1,1,A,-,01,23152,A,N,E,I,A,A,H,-,A,D,0,,,,,Y,Y,D,22,1,0,0,0,0,0,0,0,0,"- ","- ",39.957981109619141,-120.90856170654297,PLUMAS,UNINCORPORATED,-120.90851593017578,39.958003997802734
92015012,2023,2023-03-10,9165,2023-03-07,1945,019781,,2,2,9,3200,0,1,3,,2,053,SR-49,"DOTTA LANE",3696.00,N,N,A,-,Y,PLU,,49," "," ",1.417,H,,R,Y,2,0,1,1,A,-,08,22107,,M,E,8,A,A,H,-,D,D,0,,,,,Y,,D,22,1,0,0,0,0,0,0,0,0,"- ","- ",39.726619720458984,-120.21256256103516,PLUMAS,UNINCORPORATED,-120.21262359619141,39.726642608642578
90030249,2015,2015-10-19,9165,2015-10-03,0700,019750,,6,1,9,3200,0,1,3,,2,021,SR-70,"PARKERS ROAD",2112.00,W,N,A,-,Y,,,70,,,,,,,Y,2,0,2,2,A,-,08,22107,,N,A,C,A,A,H,-,B,D,0,,,,,Y,,A,07,1,0,1,0,0,0,0,0,0,"- ","- ",39.810209999999998,-120.65340999999999,PLUMAS,UNINCORPORATED,-120.65352722,39.810247500000003
91074772,2019,2019-09-16,9165,2019-09-07,1012,014395,,6,1,9,3200,0,1,3,,2,040,SR-89,"INDIAN FALLS RD.",2640.00,N,N,B,-,Y,,,89,,,,,,,Y,2,0,1,1,C,-,18,,,N,E,I,A,A,H,-,A,D,0,,,,,Y,,-,"- ",1,0,0,0,0,0,0,0,0,"- ","- ",40.062641143798828,-120.96148681640625,PLUMAS,UNINCORPORATED,-120.96148681640625,40.062633514404297
91468511,2021,2021-06-09,9165,2021-05-01,1150,018032,,6,1,9,3200,0,3,5,,2,002,"SPANISH RANCH ROAD","731 SPANISH RANCH ROAD",2640.00,W,N,A,-,N,,,,,,,,,,N,2,0,1,2,C,-,18,,,N,G,B,E,A,H,-,A,D,0,Y,,,,Y,,-,"- ",1,0,0,0,1,0,0,0,0,"- ","- ",39.953678131103516,-121.06526184082031,PLUMAS,UNINCORPORATED,,
90767962,2018,2018-07-12,9165,2018-06-30,1530,018859,,6,2,9,3200,0,3,5,,2,004,"GENESEE RD","BECKWOURTH GENESEE ROAD",10560.00,W,N,A,-,N,,,,,,,,,,Y,2,0,1,1,A,-,08,22107,,N,F,A,A,A,H,-,A,D,0,,,Y,,Y,,C,02,1,0,0,0,0,0,0,0,1,"- ","- ",40.050418853759766,-120.78571319580078,PLUMAS,UNINCORPORATED,-120.78028869628906,40.050491333007812
6760210,2014,2015-02-02,9165,2014-12-14,2230,019416,,7,3,9,3200,0,3,5,,2,004,"NORTH VALLEY RD","RESERVATION RD",1056.00,W,N,B,-,N,,,,,,,,,,Y,2,0,1,1,A,-,08,22107,,N,F,A,A,B,H,-,D,D,0,,,,,Y,,A,01,1,0,0,0,0,0,0,0,0,"- ","- ",,,PLUMAS,UNINCORPORATED,-120.89704335,40.144542979999997
90007715,2015,2015-10-19,9165,2015-08-09,0900,017410,,7,1,9,3200,0,1,3,,2,040,"STATE ROUTE 89","DIXIE CANYON RD",3168.00,S,N,A,-,Y,,,89,,,,,,,Y,2,0,1,1,A,-,08,22107,,N,E,I,A,A,H,-,A,D,0,,,,,Y,,D,22,1,0,0,0,0,0,0,0,0,"- ","- ",40.071159999999999,-120.94802,PLUMAS,UNINCORPORATED,-120.94797975,40.071145870000002
91823549,2022,2022-07-25,9165,2022-07-16,2000,021091,,6,2,9,3200,0,1,3,,2,020,SR-70,"RAILROAD ST. (SPRING GARDEN)",2640.00,W,N,A,-,Y,PLU,,70,,,52.683,H,,R,Y,2,0,1,1,A,-,01,23152,A,N,E,8,A,A,H,-,A,D,0,,,,,Y,Y,A,01,1,0,0,0,0,0,0,0,0,"- ","- ",39.902641296386719,-120.79026031494141,PLUMAS,UNINCORPORATED,-120.79032897949219,39.902610778808594
90794185,2018,2018-08-20,9165,2018-08-12,0825,018046,,7,1,9,3200,0,3,5,,2,001,"CHANDLER ROAD","CAROL LANE EAST",528.00,W,N,A,-,N,,,,,,,,,,N,2,0,1,1,C,-,18,,,N,F,A,A,A,G,-,A,D,0,,Y,,,Y,,-,"- ",1,0,0,0,0,0,1,0,0,"- ","- ",39.954490661621094,-120.88578033447266,PLUMAS,UNINCORPORATED,-120.88552093505859,39.954090118408203
90270100,2016,2016-09-19,9165,2016-09-13,1350,014395,,2,1,9,3200,0,3,5,,2,002,"QUINCY - LAPORTE RD.","USFS RD 22N21",20592.00,S,N,B,-,N,,,,,,,,,,Y,2,0,1,1,A,-,03,22350,,N,E,I,A,A,H,-,A,D,0,,,Y,,Y,,C,02,1,0,0,0,0,0,0,0,1,"- ","- ",39.746279999999999,-120.90794,PLUMAS,UNINCORPORATED,-120.90798408000001,39.746263999999996
6497097,2014,2014-08-01,9165,2014-05-24,1430,20692,,6,2,9,3200,0,3,5,,2,005,"MARBLE HOT SPRINGS","BECKWOURTH LOYALTON RD",3168.00,W,N,A,-,N,,,,,,,,,,N,2,0,1,1,A,-,03,22350,,N,H,A,A,A,E,G,A,D,0,,,,,Y,,D,22,1,0,0,0,0,0,0,0,0,"- ","- ",39.76285,-120.33246,PLUMAS,UNINCORPORATED,-120.33083818,39.76344727
90599113,2017,2017-11-21,9165,2017-11-11,0015,020692,,6,3,9,3200,0,3,5,,2,005,"BLAIRSDEN GRAEAGLE ROAD",SR-89,31.00,E,N,A,-,N,,,,,,,,,,Y,2,0,2,1,A,-,01,23152,A,N,E,J,A,B,H,-,C,D,0,,,,,Y,Y,A,01,1,0,1,0,0,0,0,0,0,"- ","- ",39.771239999999999,-120.61954,PLUMAS,UNINCORPORATED,-120.61983625000001,39.771261180000003
90008406,2015,2015-10-19,9165,2015-08-06,1224,021091,,4,1,9,3200,0,3,5,,2,002,"CAMP LAYMAN RD",SR-70,2112.00,S,N,A,-,N,,,,,,,,,,N,2,0,1,1,A,-,03,22350,,N,F,A,A,A,H,-,A,D,0,,,Y,,Y,,C,06,1,0,0,0,0,0,0,0,1,"- ","- ",39.835839999999997,-120.67752,PLUMAS,UNINCORPORATED,-120.67702298,39.834945279999999
90804447,2018,2018-09-04,9165,2018-08-27,1700,019781,,1,2,9,3200,0,3,5,,2,005,"GOLD LAKE HWY","GRAEAGLE LODGE RD",528.00,N,N,A,-,N,,,,,,,,,,Y,2,0,1,1,A,-,08,22107,,N,F,A,A,A,H,-,A,D,0,,,Y,,Y,,C,02,1,0,0,0,0,0,0,0,1,"- ","- ",39.724571228027344,-120.65827941894531,PLUMAS,UNINCORPORATED,-120.65827941894531,39.724571228027344
91903848,2022,2022-10-28,9165,2022-10-23,0200,019558,,7,3,9,3200,0,3,5,,2,002,"BUCKS LAKE ROAD","BUCKS LAKE SUMMIT RESTROOM",476.00,W,N,A,-,N,,,,,,,,,,Y,2,0,1,1,A,-,01,23152,A,N,E,I,A,A,H,-,D,D,0,,,,,Y,Y,D,22,1,0,0,0,0,0,0,0,0,"- ","- ",39.899898529052734,-121.11939239501953,PLUMAS,UNINCORPORATED,-121.30207061767578,39.793144226074219
6883377,2015,2015-04-22,9165,2015-04-03,1700,14395,,5,2,9,3200,0,3,5,,2,002,"LAPORTE RD","ONION VALLEY WARMING HUT RD",238.00,S,N,B,-,N,,,,,,,,,,Y,2,0,1,1,A,-,03,22350,,N,F,A,A,A,H,-,A,D,0,,,Y,,Y,Y,C,02,1,0,0,0,0,0,0,0,1,"- ","- ",39.795099999999998,-120.88291,PLUMAS,UNINCORPORATED,-120.88276415999999,39.795069050000002
6984718,2015,2015-07-15,9165,2015-06-29,0710,017410,,1,1,9,3200,0,3,5,,2,002,"BIG CREEK RD","COUNTRYMAN DR",27.00,E,N,A,-,N,,,,,,,,,,Y,2,0,4,1,A,-,08,22107,,N,E,I,A,A,H,-,A,D,0,,,,,Y,,A,01,1,1,2,0,0,0,0,0,0,"- ","- ",39.866160000000001,-121.16580999999999,PLUMAS,UNINCORPORATED,-121.16599287,39.866150359999999
91223866,2020,2020-04-10,9165,2020-04-06,1730,018032,,1,2,9,3200,0,1,3,,2,055,SR-284,"LITTLE LAST CHANCE CREEK",3168.00,S,N,A,-,Y,,,284,,,,,,,N,2,0,1,1,A,-,08,22107,,N,E,J,A,A,H,-,A,D,0,,,,,Y,,A,01,1,0,0,0,0,0,0,0,0,"- ","- ",39.873298645019531,-120.17999267578125,PLUMAS,UNINCORPORATED,-120.17997741699219,39.873325347900391
90230733,2016,2016-07-26,9165,2016-07-24,1502,018622,,7,2,9,3200,0,1,3,,2,041,SR-89,"GREENVILLE WOLF CREEK RD",2640.00,N,N,A,-,Y,,,89,,,,,,,Y,2,0,1,2,A,-,05,21460,A,N,A,C,A,A,H,-,A,D,0,,,Y,,Y,,C,02,1,0,0,0,0,0,0,0,1,"- ","- ",40.174280000000003,-120.99315,PLUMAS,UNINCORPORATED,-120.99314927,40.174204549999999
91892503,2022,2022-10-18,9165,2022-10-12,1900,019282,,3,2,9,3200,0,3,5,,2,001,"S. MILL CREEK ROAD","CLAREMONT WAY",189.00,S,N,A,-,N,,,,,,,,,,N,2,0,1,1,A,-,03,22350,,N,H,A,A,A,H,-,D,D,0,,Y,,,Y,,L,04,1,0,0,0,0,0,1,0,0,"- ","- ",39.932048797607422,-120.90469360351562,PLUMAS,UNINCORPORATED,-120.90458679199219,39.932010650634766
6581261,2014,2014-08-28,9165,2014-07-26,1250,017410,,6,1,9,3200,0,3,5,,2,002,"BUCKS LAKE RD","BUCKS SUMMIT",5280.00,E,N,A,-,N,,,,,,,,,,Y,2,0,1,1,A,-,03,22350,,N,F,A,A,A,H,-,A,D,0,,,Y,,Y,,C,02,1,0,0,0,0,0,0,0,1,"- ","- ",,,PLUMAS,UNINCORPORATED,-121.11552268,39.907344569999999
90570067,2017,2017-10-13,9140,2017-07-06,2500,018847,,4,4,9,3200,0,1,3,,2,053,SR-89,"PRATTVILLE BUTT RES RD",5808.00,S,N,A,-,Y,,,89,,,,,,,Y,1,1,1,1,A,-,01,23152,G,N,E,I,A,A,H,-,D,D,0,,,,,Y,Y,D,22,1,0,0,0,0,0,0,0,0,"- ","- ",40.200449999999996,-121.14725,PLUMAS,UNINCORPORATED,-121.1472576,40.200411000000003
90749863,2018,2018-06-18,9165,2018-06-14,1536,018600,,4,2,9,3200,0,1,3,,2,051,SR-70,SR-89,1584.00,E,N,A,-,Y,,,70,,,,,,,Y,2,0,1,3,A,-,03,22350,,N,C,C,A,A,H,-,A,D,0,,,,,Y,,A,07,1,0,0,0,0,0,0,0,0,"- ","- ",39.782569885253906,-120.61643981933594,PLUMAS,UNINCORPORATED,-120.61643218994141,39.782581329345703
90197810,2016,2016-06-09,9165,2016-05-28,1400,020692,,6,2,9,3200,0,3,5,,2,005,"MAIN ST.","INDIAN ST",15.00,E,N,B,-,N,,,,,,,,,,Y,2,0,1,1,C,-,18,,,N,E,I,A,A,H,-,A,D,0,,,Y,,Y,,-,"- ",1,0,0,0,0,0,0,0,1,"- ","- ",39.820010000000003,-120.37644,PLUMAS,UNINCORPORATED,-120.37649663000001,39.819980950000001
90230494,2016,2016-07-26,9140,2016-06-12,2012,018847,,7,2,9,3200,0,1,3,,2,051,SR-36,SR-89,13834.00,W,N,A,-,Y,,,36,,,,,,,Y,1,1,2,2,A,-,08,22107,,N,A,C,A,A,H,-,B,D,0,,,,,Y,,A,01,2,0,0,0,0,0,0,0,0,"- ","- ",40.26099,-121.27533,PLUMAS,UNINCORPORATED,-121.27534482999999,40.260953000000001
92110847,2023,2023-07-06,9165,2023-07-01,1120,019583,,6,1,9,3200,0,1,3,,2,050,SR-89,"LOWER MAIN STREET",2112.00,N,N,A,-,Y,PLU,,89," "," ",4.825,H,,R,Y,2,0,3,2,A,-,08,22107,,N,A,C,A,A,H,-,A,D,0,,,,,Y,,A,01,2,1,0,0,0,0,0,0,0,"- ","- ",39.741710662841797,-120.58708190917969,PLUMAS,UNINCORPORATED,-120.58708190917969,39.741706848144531
90202587,2016,2016-06-15,9165,2016-05-07,2017,013862,,6,2,9,3200,0,1,3,,2,011,SR-70,"LA PORTE RD",2112.00,E,N,B,-,Y,,,70,,,,,,,Y,1,1,0,1,A,-,01,23152,A,N,E,I,A,B,H,-,B,D,0,,,,,Y,Y,A,07,0,0,0,0,0,0,0,0,0,"- ","- ",39.932899999999997,-120.87636999999999,PLUMAS,UNINCORPORATED,-120.87637214,39.932876579999999
90275830,2016,2016-09-26,9165,2016-09-05,1553,013862,,1,2,9,3200,0,1,3,,2,021,SR-70,"CAMP LAYMAN RD",4224.00,W,N,A,-,Y,,,70,,,,,,,Y,1,1,1,3,A,-,08,22107,,N,B,C,A,A,H,-,A,D,0,,,Y,Y,Y,,A,07,0,0,1,0,0,0,0,1,0,"- ","- ",39.844760000000001,-120.679,PLUMAS,UNINCORPORATED,-120.67900948,39.844752720000002
91117115,2019,2019-11-11,9165,2019-11-09,0920,014395,,6,1,9,3200,0,1,3,,2,030,SR-70,"ROCK CREEK BRIDGE",1056.00,W,N,A,-,Y,,,70,,,,,,,Y,2,0,1,1,A,-,08,22107,,N,E,I,A,A,C,-,A,D,0,,,,,Y,,A,07,1,0,0,0,0,0,0,0,0,"- ","- ",39.896648406982422,-121.3597412109375,PLUMAS,UNINCORPORATED,-121.35964965820312,39.896678924560547
6924785,2015,2015-06-17,9165,2015-05-16,0245,20692,,6,3,9,3200,0,3,5,,2,005,"GRIZZLY RD","CREEK RD",259.00,S,N,B,C,N,,,,,,,,,,Y,2,0,3,1,A,-,01,23152,A,N,E,I,A,B,H,-,D,D,0,,,,,Y,Y,D,22,1,0,2,0,0,0,0,0,0,"- ","- ",39.841430000000003,-120.42453,PLUMAS,UNINCORPORATED,-120.42445669999999,39.841446490000003
90658310,2018,2018-02-09,9165,2018-01-30,1650,020692,,2,2,9,3200,0,1,3,,2,051,SR-70,"C RD",1584.00,W,N,A,-,Y,,,70,,,,,,,Y,2,0,1,1,A,-,08,22107,,N,E,I,A,A,H,-,A,D,0,,,,,Y,,E,22,1,0,0,0,0,0,0,0,0,"- ","- ",39.772018432617188,-120.58146667480469,PLUMAS,UNINCORPORATED,-120.58148193359375,39.772060394287109
91194509,2020,2020-02-27,9165,2020-02-25,0823,013901,,2,1,9,3200,0,1,3,,2,051,SR-70,"SIERRA SPRINGS DRIVE",779.00,E,N,A,-,Y,,,70,,,,,,,Y,2,0,2,1,A,-,08,22107,,N,E,I,A,A,H,-,A,D,0,,,,,Y,,D,22,1,0,1,0,0,0,0,0,0,"- ","- ",39.778068542480469,-120.56173706054688,PLUMAS,UNINCORPORATED,-120.56177520751953,39.778118133544922
91941385,2022,2022-12-13,9165,2022-11-29,1356,018046,,2,1,9,3200,0,1,3,,2,021,SR-70,"CAMP LAYMAN ROAD",528.00,E,N,A,-,Y,PLU,,70,,R,61.689,H,,R,Y,1,1,0,2,A,-,03,22350,,N,C,C,A,A,H,-,A,D,0,,,,,Y,Y,A,01,0,0,0,0,0,0,0,0,0,"- ","- ",39.832279205322266,-120.67185211181641,PLUMAS,UNINCORPORATED,-120.67191314697266,39.832248687744141
6717207,2014,2016-06-13,9165,2014-11-21,0247,14395,,5,3,9,3200,0,1,3,,2,021,"RT 70","GILL RANCH RD",2112.00,E,N,B,C,Y,PLU,2,70,-,-,58.680,H,-,E,Y,2,0,1,1,A,-,01,23152,A,N,E,I,A,B,H,-,D,D,0,,,,,Y,Y,A,01,1,0,0,0,0,0,0,0,0,"- ","- ",,,PLUMAS,UNINCORPORATED,-120.70167154000001,39.868079530000003
90190501,2016,2016-05-31,9165,2016-05-25,1410,019282,,3,2,9,3200,0,1,3,,2,032,SR-70,SR-89(N),1584.00,E,N,A,-,Y,,,70,,,,,,,Y,2,0,2,1,A,-,08,22107,,N,E,I,A,A,H,-,A,D,0,,,,,Y,,A,01,1,1,0,0,0,0,0,0,0,"- ","- ",40.03651,-120.97878,PLUMAS,UNINCORPORATED,-120.978785,40.036504200000003
90519187,2017,2017-08-08,9140,2017-07-28,2300,019971,,5,3,9,3200,0,1,3,,2,051,"STATE ROUTE 36","COUNTY ROAD A13",12144.00,E,N,A,-,Y,,,36,,,,,,,Y,2,0,1,1,A,-,01,23152,A,N,E,I,A,A,H,-,D,D,0,,,,,Y,Y,A,07,1,0,0,0,0,0,0,0,0,"- ","- ",40.315890000000003,-121.10138999999999,PLUMAS,UNINCORPORATED,-121.10139078,40.315881320000003
94414112,2024,2024-10-01,9165,2024-09-23,1942,021507,,1,2,9,3200,0,1,3,,2,012,"SR-70 W/B (LAWRENCE STREET)","BRADLEY STREET",40.00,W,N,A,-,Y,PLU,,70," ",R,43.190,H,,L,Y,2,0,1,1,A,-,08,22107,,N,E,I,A,A,H,-,B,D,0,,,,,Y,,A,07,1,0,0,0,0,0,0,0,0,"- ","- ",39.937568664550781,-120.94776153564453,PLUMAS,UNINCORPORATED,-120.94775390625,39.937648773193359