CASE_ID,ACCIDENT_YEAR,PROC_DATE,JURIS,COLLISION_DATE,COLLISION_TIME,OFFICER_ID,REPORTING_DISTRICT,DAY_OF_WEEK,CHP_SHIFT,POPULATION,CNTY_CITY_LOC,SPECIAL_COND,BEAT_TYPE,CHP_BEAT_TYPE,CITY_DIVISION_LAPD,CHP_BEAT_CLASS,BEAT_NUMBER,PRIMARY_RD,SECONDARY_RD,DISTANCE,DIRECTION,INTERSECTION,WEATHER_1,WEATHER_2,STATE_HWY_IND,CALTRANS_COUNTY,CALTRANS_DISTRICT,STATE_ROUTE,ROUTE_SUFFIX,POSTMILE_PREFIX,POSTMILE,LOCATION_TYPE,RAMP_INTERSECTION,SIDE_OF_HWY,TOW_AWAY,COLLISION_SEVERITY,NUMBER_KILLED,NUMBER_INJURED,PARTY_COUNT,PRIMARY_COLL_FACTOR,PCF_CODE_OF_VIOL,PCF_VIOL_CATEGORY,PCF_VIOLATION,PCF_VIOL_SUBSECTION,HIT_AND_RUN,TYPE_OF_COLLISION,MVIW,PED_ACTION,ROAD_SURFACE,ROAD_COND_1,ROAD_COND_2,LIGHTING,CONTROL_DEVICE,CHP_ROAD_TYPE,PEDESTRIAN_ACCIDENT,BICYCLE_ACCIDENT,MOTORCYCLE_ACCIDENT,TRUCK_ACCIDENT,NOT_PRIVATE_PROPERTY,ALCOHOL_INVOLVED,STWD_VEHTYPE_AT_FAULT,CHP_VEHTYPE_AT_FAULT,COUNT_SEVERE_INJ,COUNT_VISIBLE_INJ,COUNT_COMPLAINT_PAIN,COUNT_PED_KILLED,COUNT_PED_INJURED,COUNT_BICYCLIST_KILLED,COUNT_BICYCLIST_INJURED,COUNT_MC_KILLED,COUNT_MC_INJURED,PRIMARY_RAMP,SECONDARY_RAMP,LATITUDE,LONGITUDE,COUNTY,CITY,POINT_X,POINT_Y
6420368,2014,2014-06-23,9165,2014-03-21,1125,014395,1,5,1,9,3200,0,3,5,,2,002,"MT HOUGH RD","PLU 403 MILE 5 MARKER",528.00,N,N,A,-,N,,,,,,,,,,Y,2,0,2,1,A,-,03,38305,,N,E,I,A,A,H,-,A,D,0,,,,,Y,,A,07,2,0,0,0,0,0,0,0,0,"- ","- ",,,PLUMAS,UNINCORPORATED,,
90260834,2016,2016-09-05,9165,2016-08-27,1940,019781,,6,2,9,3200,0,3,5,,2,005,"LAKE DAVIS RD","USFS 23N84Y",1056.00,N,N,A,-,N,,,,,,,,,,Y,2,0,1,1,C,-,18,,,N,H,H,A,A,H,-,B,D,0,,,Y,,Y,,-,"- ",1,0,0,0,0,0,0,0,1,"- ","- ",39.854140000000001,-120.49693000000001,PLUMAS,UNINCORPORATED,-120.49690246999999,39.854139070000002
90819165,2018,2018-09-24,9165,2018-09-21,1858,018243,,5,2,9,3200,0,1,3,,2,055,"SR-284 (FRENCHMAN LAKE ROAD)","DOTTA GUIDICI ROAD",584.00,S,N,A,-,Y,,,284,,,,,,,Y,2,0,1,1,A,-,01,23152,A,N,F,A,A,A,H,-,B,D,0,,,Y,,Y,Y,C,02,1,0,0,0,0,0,0,0,1,"- ","- ",39.838058471679688,-120.14337158203125,PLUMAS,UNINCORPORATED,-120.14329528808594,39.838100433349609
94497046,2024,2024-12-13,9165,2024-10-27,2335,023868,,7,3,9,3200,0,3,5,,2,001,"GREENHORN RANCH ROAD",SR-70,4224.00,N,N,B,-,N,,,,,,,,,,Y,1,1,4,1,A,-,08,22107,,N,E,I,A,B,H,-,D,D,0,,,,,Y,,A,01,1,3,0,0,0,0,0,0,0,"- ","- ",39.895908355712891,-120.77005767822266,PLUMAS,UNINCORPORATED,-120.78510284423828,39.89215087890625
91659958,2021,2021-12-23,9165,2021-12-17,1354,018046,,5,1,9,3200,0,1,3,,2,051,SR-70,SR-89,0.00,,Y,A,-,Y,,,70,,,,,,,Y,2,0,3,2,A,-,09,21802,A,N,D,C,A,A,H,-,A,A,0,,,,,Y,,A,07,1,2,0,0,0,0,0,0,0,"- ","- ",39.784408569335938,-120.62007904052734,PLUMAS,UNINCORPORATED,-120.62006378173828,39.784442901611328
90706205,2018,2018-04-16,9165,2018-04-08,1105,018046,,7,1,9,3200,0,1,3,,2,032,SR-70,"QUARRY ROAD",2640.00,E,N,A,-,Y,,,70,,,,,,,Y,2,0,1,2,A,-,03,22350,,N,B,C,A,A,H,-,A,D,0,,,,,Y,,E,22,1,0,0,0,0,0,0,0,0,"- ","- ",40.0318603515625,-120.96154022216797,PLUMAS,UNINCORPORATED,-120.96154022216797,40.031864166259766
91074769,2019,2019-09-16,9165,2019-09-09,1655,019993,,1,2,9,3200,0,1,3,,2,040,SR-89,SR-70,9504.00,N,N,A,-,Y,,,89,,,,,,,Y,2,0,1,1,A,-,06,21755,,N,E,I,A,A,H,-,A,D,0,,,Y,,Y,,C,02,1,0,0,0,0,0,0,0,1,"- ","- ",40.051128387451172,-120.97412872314453,PLUMAS,UNINCORPORATED,-120.97412109375,40.051113128662109
91709944,2022,2022-02-25,9165,2022-01-28,0842,019416,,5,1,9,3200,0,1,3,,2,040,SR-89,"FORGAY ROAD",3168.00,S,N,A,-,Y,PLU,,89,,,18.063,H,,R,Y,1,1,0,1,C,-,18,,,N,E,I,A,A,H,-,A,D,0,,,,Y,Y,,-,"- ",0,0,0,0,0,0,0,0,0,"- ","- ",40.127700805664062,-120.91307067871094,PLUMAS,UNINCORPORATED,-120.91309356689453,40.127681732177734
92305402,2024,2024-02-05,9165,2024-02-02,1050,014395,,5,1,9,3200,0,3,5,,2,001,"FIRST ST.","SR-70 (E. MAIN ST.)",265.00,S,N,B,C,N,,,,,,,,,,Y,2,0,2,3,A,-,09,21804,A,N,D,6,A,B,H,-,A,D,0,,Y,,,Y,,A,01,1,1,0,0,0,0,1,0,0,"- ","- ",39.933139801025391,-120.89858245849609,PLUMAS,UNINCORPORATED,-120.89850616455078,39.933235168457031
90913157,2018,2019-01-28,9165,2018-11-24,2145,019583,,6,2,9,3200,0,3,5,,2,005,"LAKE DAVIS RD.","DE PERSIA DR",2112.00,N,N,A,-,N,,,,,,,,,,Y,1,1,0,1,A,-,01,23152,A,N,E,I,A,A,H,-,D,D,0,,,,,Y,Y,A,01,0,0,0,0,0,0,0,0,0,"- ","- ",39.822528839111328,-120.48438262939453,PLUMAS,UNINCORPORATED,-120.48493957519531,39.823741912841797
91425031,2021,2021-03-11,9285,2021-03-06,1330,018986,,6,1,9,3200,0,2,4,,2,082,"QUINCY LA PORT ROAD","PIKE ROAD",75.00,W,N,B,-,N,,,,,,,,,,N,2,0,2,1,A,-,03,22350,,N,B,I,A,C,H,-,A,D,0,,,,,Y,Y,M,96,1,1,0,0,0,0,0,0,0,"- ","- ",39.683040618896484,-121.98367309570312,PLUMAS,UNINCORPORATED,,
92187157,2023,2023-10-02,9140,2023-09-20,1540,021043,,3,2,9,3200,0,3,5,,2,050,"WARNER VALLEY ROAD","FEATHER RIVER DRIVE",20592.00,W,N,A,-,Y,,,,,,,,,,Y,2,0,1,1,A,-,01,23152,A,N,E,J,A,A,H,-,A,D,0,,,,,Y,Y,D,22,1,0,0,0,0,0,0,0,0,"- ","- ",40.329841613769531,-121.29572296142578,PLUMAS,UNINCORPORATED,,
90729865,2018,2018-05-21,9165,2018-05-13,1400,019416,,7,2,9,3200,0,1,3,,2,030,SR-70,"ROCK CREEK BRIDGE",125.00,E,N,B,-,Y,,,70,,,,,,,Y,2,0,2,2,A,-,01,23152,A,N,B,C,A,A,H,-,A,D,0,,,Y,,Y,Y,C,02,1,1,0,0,0,0,0,0,1,"- ","- ",39.900588989257812,-121.35903930664062,PLUMAS,UNINCORPORATED,-121.35902404785156,39.900581359863281
90782814,2018,2018-08-22,9165,2018-07-28,0958,018046,,6,1,9,3200,0,1,3,,2,021,SR-70,"OLD MILL POND ROAD",86.00,E,N,A,-,Y,,,70,,,,,,,N,2,0,1,2,A,-,09,21801,A,N,H,G,A,A,H,-,A,D,0,,Y,,,Y,,L,04,1,0,0,0,0,0,1,0,0,"- ","- ",39.854019165039062,-120.68438720703125,PLUMAS,UNINCORPORATED,-120.68434143066406,39.854053497314453
90018854,2015,2015-10-19,9165,2015-09-09,0930,012886,,3,1,9,3200,0,3,5,,2,005,"GOLD LAKE HWY",SR-89,26400.00,S,N,A,-,N,,,,,,,,,,Y,2,0,1,1,A,-,08,22107,,N,F,A,A,A,H,-,A,D,0,,,,Y,Y,,F,21,1,0,0,0,0,0,0,0,0,"- ","- ",39.72484,-120.65841,PLUMAS,UNINCORPORATED,-120.65808355999999,39.724340259999998
90690486,2018,2018-03-27,9165,2018-03-20,1557,019781,,2,2,9,3200,0,3,5,,2,005,"BECKWOURTH CALPINE RD (A-23)",SR-70,7392.00,S,N,B,-,N,,,,,,,,,,Y,2,0,2,2,A,-,03,22350,,N,C,C,A,A,H,-,A,D,0,,,,,Y,,A,01,1,1,0,0,0,0,0,0,0,"- ","- ",39.802261352539062,-120.38279724121094,PLUMAS,UNINCORPORATED,-120.38284301757812,39.802410125732422
6581249,2014,2014-08-28,9165,2014-07-19,1015,017410,,6,1,9,3200,0,3,5,,2,004,"GENESEE RD","NORTH VALLEY RD",15840.00,E,N,A,-,N,,,,,,,,,,N,2,0,1,1,A,-,03,22350,,N,E,I,A,A,B,-,A,D,0,,,Y,,Y,,C,02,1,0,0,0,0,0,0,0,1,"- ","- ",,,PLUMAS,UNINCORPORATED,-120.79865595,40.043645069999997
90782758,2018,2018-08-23,9165,2018-07-23,2115,019416,,1,2,9,3200,0,3,5,,2,004,"WOLF CREEK ROAD",SR-89,530.00,S,N,B,-,N,,,,,,,,,,Y,2,0,3,1,A,-,01,23152,F,N,F,A,A,A,H,-,D,D,0,,,,,Y,,A,07,2,1,0,0,0,0,0,0,0,"- ","- ",40.168270111083984,-120.96865081787109,PLUMAS,UNINCORPORATED,-120.9686279296875,40.168296813964844
6646219,2014,2016-04-28,9165,2014-09-20,0040,16297,,6,3,9,3200,0,1,3,,2,030,"RT 70","STORRIE RD",11616.00,W,N,A,-,Y,PLU,2,70,-,-,3.160,H,-,W,Y,2,0,1,1,A,-,01,23152,A,N,E,I,A,A,H,-,D,D,0,,,,,Y,Y,A,07,1,0,0,0,0,0,0,0,0,"- ","- ",,,PLUMAS,UNINCORPORATED,-121.35887056,39.900743159999998
6963207,2015,2016-11-04,9165,2015-06-09,1412,13901,,2,2,9,3200,0,1,3,,2,051,"RT 70","C ROAD",4224.00,W,N,B,-,Y,PLU,2,70,-,-,68.550,H,-,E,Y,2,0,1,1,A,-,08,22107,,N,E,I,A,A,H,-,A,D,0,,,,,Y,,A,01,1,0,0,0,0,0,0,0,0,"- ","- ",39.769530000000003,-120.59008,PLUMAS,UNINCORPORATED,-120.59014252999999,39.76958569
90868752,2018,2018-11-27,9140,2018-10-21,1318,016169,,7,1,9,3200,0,1,3,,2,053,SR-89,SR-36,5280.00,S,N,A,-,Y,,,,,,,,,,Y,2,0,3,2,A,-,01,23152,A,N,A,C,A,A,H,-,A,D,0,,,,,Y,Y,A,07,2,1,0,0,0,0,0,0,0,"- ","- ",40.15570068359375,-121.14360046386719,PLUMAS,UNINCORPORATED,-121.26173400878906,40.265766143798828
91028795,2019,2019-07-11,9165,2019-07-03,1256,014395,,3,1,9,3200,0,1,3,,2,031,SR-70,"SR-89 (N) (GREENVILLE WYE)",0.00,,Y,A,-,Y,,,70,,,,,,,Y,2,0,3,2,A,-,09,21802,A,N,A,C,A,A,H,-,A,A,0,,,,,Y,,A,07,2,1,0,0,0,0,0,0,0,"- ","- ",40.038761138916016,-120.98380279541016,PLUMAS,UNINCORPORATED,-120.98379516601562,40.038749694824219
91191426,2020,2020-02-24,9165,2020-02-14,2029,020692,,5,2,9,3200,0,1,3,,2,051,SR-70,"KITTY KAT TRAIL",255.00,E,N,A,-,Y,,,70,,,,,,,Y,2,0,1,1,A,-,01,23152,A,N,E,I,A,A,H,-,D,D,0,,,,,Y,Y,A,01,1,0,0,0,0,0,0,0,0,"- ","- ",39.786838531494141,-120.54460906982422,PLUMAS,UNINCORPORATED,-120.54460144042969,39.786823272705078
91461324,2021,2021-04-29,9165,2021-03-13,1558,018600,,6,2,9,3200,0,1,3,,2,052,SR-70,"GRIZZLY ROAD",0.00,,Y,A,-,Y,,,70,,,,,,,Y,1,2,2,2,A,-,12,22450,A,N,D,C,A,A,H,-,A,A,0,,,,,Y,,A,07,0,1,1,0,0,0,0,0,0,"- ","- ",39.824310302734375,-120.42176055908203,PLUMAS,UNINCORPORATED,-120.42176055908203,39.824287414550781
91319431,2020,2020-11-09,9140,2020-09-25,1324,018847,,5,1,9,3200,0,1,3,,2,051,SR-36,"PLU / TEH COUNTY LINE",4013.00,E,N,A,-,Y,,,36,,,,,,,Y,2,0,1,1,C,-,18,,,N,F,A,A,A,H,-,A,D,0,,,Y,,Y,,-,"- ",1,0,0,0,0,0,0,0,1,"- ","- ",40.262031555175781,-121.34243011474609,PLUMAS,UNINCORPORATED,-121.34242248535156,40.262073516845703
6475334,2014,2015-11-20,9165,2014-04-20,1745,019416,,7,2,9,3200,0,1,3,,2,041,"RT 89","WOLF CREEK",528.00,S,N,A,-,Y,PLU,2,89,-,-,27.260,H,-,N,N,2,0,2,1,A,-,03,22350,,N,F,A,A,A,G,-,A,D,0,,,Y,,Y,,C,02,1,0,1,0,0,0,0,0,2,"- ","- ",,,PLUMAS,UNINCORPORATED,-121.03505176,40.17183696
90224136,2016,2016-07-18,9165,2016-07-01,2132,020692,,5,2,9,3200,0,3,5,,2,005,"MOHAWK VISTA RD.",SR-70,3696.00,E,N,A,-,N,,,,,,,,,,N,2,0,1,1,A,-,08,22107,,N,F,A,A,A,H,-,D,D,0,,,Y,,Y,,C,02,1,0,0,0,0,0,0,0,1,"- ","- ",39.775179999999999,-120.59505,PLUMAS,UNINCORPORATED,-120.59510217,39.775237400000002
6290325,2014,2014-04-22,9165,2014-03-24,1050,14395,,1,1,9,3200,0,1,3,,2,020,"RT 70","CHANDLER RD EAST",11088.00,E,N,A,-,Y,PLU,2,70,-,-,50.110,H,-,W,Y,1,1,0,1,A,-,08,22107,,N,E,I,A,A,H,-,A,D,0,,,,,Y,,A,07,0,0,0,0,0,0,0,0,0,"- ","- ",39.918880000000001,-120.83147,PLUMAS,UNINCORPORATED,-120.83093348,39.918536240000002
91112363,2019,2019-11-04,9165,2019-10-26,1143,014395,,6,1,9,3200,0,3,5,,2,002,"BUCKLIN RD.","PONDEROSA WAY",1056.00,N,N,A,-,N,,,,,,,,,,Y,2,0,1,1,A,-,08,22107,,N,F,A,A,A,H,-,A,D,0,,,Y,,Y,,C,02,1,0,0,0,0,0,0,0,1,"- ","- ",39.878391265869141,-121.20104217529297,PLUMAS,UNINCORPORATED,-121.19942474365234,39.878154754638672
91276747,2020,2020-07-30,9165,2020-07-22,2210,019993,,3,3,9,3200,0,1,3,,2,030,SR-70,"GRIZZLY DOME TUNNEL (WEST END)",30.00,E,N,A,-,Y,,,70,,,,,,,Y,2,0,1,2,A,-,01,23152,G,N,B,C,A,A,H,-,C,D,0,,,,,Y,Y,D,22,1,0,0,0,0,0,0,0,0,"- ","- ",39.869129180908203,-121.37338256835938,PLUMAS,UNINCORPORATED,-121.37324523925781,39.869029998779297
6370342,2014,2015-11-14,9165,2014-01-24,0810,019282,,5,1,9,3200,0,1,3,,2,032,"RT 70","SPANISH CREEK BRIDGE",528.00,E,N,A,-,Y,PLU,2,70,-,-,35.510,H,-,E,Y,2,0,2,1,A,-,08,22107,,N,E,I,A,A,H,-,A,D,0,,,,,Y,,A,01,1,1,0,0,0,0,0,0,0,"- ","- ",40.0214,-120.96211,PLUMAS,UNINCORPORATED,-120.96263851,40.023938809999997
91203789,2019,2020-03-09,9165,2019-12-23,1040,018506,,1,1,9,3200,0,1,3,,2,051,SR-70,"SIERRA SPRINGS DR",3168.00,E,N,B,-,Y,,,70,,,,,,,Y,1,1,0,1,A,-,01,23152,F,N,E,I,A,A,H,-,A,D,0,,,,,Y,,A,01,0,0,0,0,0,0,0,0,0,"- ","- ",39.782798767089844,-120.55500030517578,PLUMAS,UNINCORPORATED,-120.55500030517578,39.782794952392578
90007341,2015,2015-10-19,9165,2015-07-27,1000,017410,,1,1,9,3200,0,3,5,,2,002,"BUCKLIN RD",24N24,1584.00,S,N,A,-,N,,,,,,,,,,N,2,0,1,2,A,-,17,21662,A,N,B,G,A,A,H,-,A,D,0,,Y,,,Y,,L,04,1,0,0,0,0,0,1,0,0,"- ","- ",39.897880000000001,-121.20768,PLUMAS,UNINCORPORATED,-121.20768606999999,39.897853009999999
91230451,2020,2020-04-28,9140,2020-03-16,1407,015598,,1,2,9,3200,0,1,3,,2,052,"STATE ROUTE 147","LAKE COVE RESORT",5808.00,S,N,B,-,Y,,,147,,,,,,,Y,1,1,0,1,A,-,03,22350,,N,E,I,A,B,H,-,A,D,0,,,,,Y,,A,07,0,0,0,0,0,0,0,0,0,"- ","- ",40.204750061035156,-121.06854248046875,PLUMAS,UNINCORPORATED,-121.06845855712891,40.2047119140625
91375333,2020,2020-12-28,9165,2020-12-16,0709,014395,,3,1,9,3200,0,1,3,,2,032,SR-70,"QUARRY RD.",1584.00,E,N,B,-,Y,,,70,,,,,,,Y,2,0,2,3,A,-,03,22350,,N,B,C,A,B,H,-,A,D,0,,,,Y,Y,,G,25,1,1,0,0,0,0,0,0,0,"- ","- ",40.032291412353516,-120.96131134033203,PLUMAS,UNINCORPORATED,-120.96134185791016,40.032295227050781
92309371,2024,2024-02-08,9140,2024-02-01,1842,022170,,4,2,9,3200,0,3,5,,2,050,"WAGON RD","MEADOW RD",400.00,N,N,A,-,N,,,,,,,,,,Y,2,0,1,1,A,-,01,23152,A,N,E,8,A,B,H,-,D,D,0,,,,,Y,Y,D,22,1,0,0,0,0,0,0,0,0,"- ","- ",40.315849304199219,-121.23545074462891,PLUMAS,UNINCORPORATED,-121.23554229736328,40.316070556640625
91161802,2020,2020-01-08,9165,2020-01-04,0006,019558,,6,3,9,3200,0,1,3,,2,020,SR-70,"SPRING GARDEN OVERHEAD",3385.00,W,N,A,-,Y,,,70,,,,,,,Y,2,0,1,1,A,-,03,22350,,N,E,I,A,C,H,-,D,D,0,,,,,Y,,D,22,1,0,0,0,0,0,0,0,0,"- ","- ",39.916240692138672,-120.82386016845703,PLUMAS,UNINCORPORATED,-120.82386016845703,39.916255950927734
94672254,2025,2025-05-01,9165,2025-04-23,1359,024216,,3,1,9,3200,0,1,3,,2,050,SR-89,"SIERRA ESTATES DRIVE",139.00,S,N,A,-,Y,PLU,,89," "," ",4.006,H,,R,Y,2,0,1,1,A,-,08,22107,,N,E,8,A,A,H,-,A,D,0,,,Y,,Y,,C,02,1,0,0,0,0,0,0,0,1,"- ","- ",39.735919952392578,-120.57594299316406,PLUMAS,UNINCORPORATED,-120.57593536376953,39.735927581787109
90456004,2017,2017-05-15,9165,2017-05-10,1222,013901,,3,1,9,3200,0,3,5,,2,005,"LAKE DAVIS ROAD","DE PERSIA DRIVE",5808.00,N,N,A,-,N,,,,,,,,,,Y,2,0,2,2,A,-,05,21460,A,N,A,C,A,A,H,-,A,D,0,,,,,Y,,A,01,2,0,0,0,0,0,0,0,0,"- ","- ",39.830849999999998,-120.49486,PLUMAS,UNINCORPORATED,-120.49444741000001,39.83043954
91836087,2022,2022-08-09,9165,2022-08-03,1443,019781,,3,2,9,3200,0,1,3,,2,032,SR-70,"KEDDIE RESORT RD",1056.00,W,N,A,-,Y,PLU,,70,,,36.263,H,,R,Y,2,0,1,1,A,-,08,22107,,N,E,I,A,A,H,-,A,D,0,,,,,Y,,D,22,1,0,0,0,0,0,0,0,0,"- ","- ",40.016620635986328,-120.96501159667969,PLUMAS,UNINCORPORATED,-120.96509552001953,40.016643524169922
91878709,2022,2022-09-30,9165,2022-09-25,1632,017410,,7,2,9,3200,0,1,3,,2,031,SR-70,"VIRGILIA RD.",200.00,W,N,A,-,Y,PLU,,70,,,24.759,H,,R,Y,2,0,1,1,A,-,08,22107,,N,E,8,A,A,H,-,A,D,0,,,,,Y,,A,08,1,0,0,0,0,0,0,0,0,"- ","- ",40.020580291748047,-121.1051025390625,PLUMAS,UNINCORPORATED,-121.1051025390625,40.020580291748047
6779446,2014,2015-02-11,9165,2014-12-25,1853,019392,,4,2,9,3200,0,3,5,,2,004,"NORTH VALLEY RD","PECKS VALLEY RD",2112.00,S,N,B,-,N,,,,,,,,,,Y,2,0,1,1,A,-,01,23152,A,N,E,I,A,A,H,-,D,D,0,,,,,Y,Y,A,07,1,0,0,0,0,0,0,0,0,"- ","- ",,,PLUMAS,UNINCORPORATED,-120.94082,40.149209999999997
90806339,2018,2019-05-07,9165,2018-07-18,2125,018600,,3,2,9,3200,0,1,3,,2,052,SR-70,SR-284,1584.00,W,N,A,-,Y,,,70,,,,,,,Y,1,1,1,2,A,-,01,23152,F,N,A,C,A,A,H,-,D,D,0,,,,,Y,,A,01,0,1,0,0,0,0,0,0,0,"- ","- ",39.798458099365234,-120.14694976806641,PLUMAS,UNINCORPORATED,-120.14694976806641,39.798446655273438
90800386,2018,2018-08-29,9165,2018-08-18,1955,018243,,6,2,9,3200,0,3,5,,2,005,"DYSON LANE","HARRIET LANE",2640.00,W,N,A,-,N,,,,,,,,,,Y,2,0,2,2,A,-,01,23152,A,N,A,C,A,A,H,-,B,D,0,,,Y,,Y,Y,C,02,1,1,0,0,0,0,0,0,1,"- ","- ",39.752010345458984,-120.31479644775391,PLUMAS,UNINCORPORATED,-120.31487274169922,39.752094268798828
6558784,2014,2016-04-28,9165,2014-07-14,1342,019781,,1,1,9,3200,0,1,3,,2,051,"RT 70","RT 89",0.00,,Y,A,-,Y,PLU,2,70,-,R,66.628,I,5,E,Y,2,0,3,2,A,-,12,22450,A,N,D,C,A,A,H,-,A,A,0,,,,,Y,,A,07,1,2,0,0,0,0,0,0,0,"- ","- ",39.784410000000001,-120.6178,PLUMAS,UNINCORPORATED,-120.62009227999999,39.784454949999997
6791558,2015,2016-04-13,9165,2015-01-01,0145,019392,,4,3,9,3200,0,3,5,,2,003,"OLD HIGHWAY","RT 70",3168.00,W,N,A,-,N,,,,,,,,,,Y,2,0,1,1,A,-,01,23152,A,N,F,A,A,A,H,-,D,D,0,,,Y,,Y,Y,C,06,1,0,0,0,0,0,0,0,1,"- ","- ",,,PLUMAS,UNINCORPORATED,-120.88324,39.93515
90086665,2015,2015-12-31,9165,2015-11-24,0200,014395,,2,3,9,3200,0,1,3,,2,020,SR-70,"SPRING GARDEN OVERHEAD",303.00,W,N,B,-,Y,,,70,,,,,,,Y,1,1,0,1,A,-,03,22350,,N,E,I,A,B,B,-,D,D,0,,,,,Y,,D,22,0,0,0,0,0,0,0,0,0,"- ","- ",39.911859999999997,-120.81444999999999,PLUMAS,UNINCORPORATED,-120.81446355999999,39.911758290000002
90530061,2017,2017-08-24,9140,2017-08-07,1319,015598,,1,1,9,3200,0,1,3,,2,051,"STATE ROUTE 36","COUNTY ROAD A13",0.00,,Y,A,-,Y,,,36,,,,,,,Y,1,1,2,2,A,-,12,22450,A,N,D,C,A,A,H,-,A,D,0,,,,,Y,,A,07,0,1,1,0,0,0,0,0,0,"- ","- ",40.305059999999997,-121.1431,PLUMAS,UNINCORPORATED,-121.1431169,40.305113480000003
91060367,2019,2019-08-27,9140,2019-08-19,2255,021043,,1,3,9,3200,0,3,5,,2,050,"FEATHER RIVER DRIVE","WAGON ROAD",264.00,W,N,A,-,N,,,,,,,,,,Y,2,0,5,1,A,-,03,22350,,N,E,I,A,A,H,-,D,D,0,,,,,Y,,A,01,1,2,2,0,0,0,0,0,0,"- ","- ",40.314300537109375,-121.23715972900391,PLUMAS,UNINCORPORATED,-121.23792266845703,40.313880920410156
90639738,2018,2018-01-15,9165,2018-01-14,0855,018859,,7,1,9,3200,0,1,3,,2,020,SR-70,"GREENHORN RANCH RD",4224.00,E,N,A,-,Y,,,70,,,,,,,Y,2,0,1,1,A,-,03,22350,,N,E,I,A,B,B,-,A,D,0,,,,,Y,,A,07,1,0,0,0,0,0,0,0,0,"- ","- ",39.882339477539062,-120.77951049804688,PLUMAS,UNINCORPORATED,-120.77950286865234,39.882358551025391
6291244,2014,2014-10-16,9165,2014-07-08,1214,013862,,2,1,9,3200,0,3,5,,2,002,"OROVILLE QUINCY HWY","BUCKLIN RD",17424.00,W,N,B,-,N,,,,,,,,,,Y,1,1,0,1,A,-,03,22350,,N,E,I,A,A,H,-,A,D,0,,,Y,,Y,,C,02,0,0,0,0,0,0,0,1,0,"- ","- ",39.857030000000002,-121.24912999999999,PLUMAS,UNINCORPORATED,-121.24912999999999,39.857030000000002
6420372,2014,2015-11-14,9165,2014-03-21,1400,014395,,5,2,9,3200,0,1,3,,2,030,"RT 70","CARIBOU RD",1584.00,W,N,A,-,Y,PLU,2,70,-,-,16.300,H,-,E,Y,2,0,1,1,A,-,08,22107,,N,E,I,A,A,H,-,A,D,0,,,,,Y,,A,01,1,0,0,0,0,0,0,0,0,"- ","- ",,,PLUMAS,UNINCORPORATED,-121.229134,40.011573949999999
6501634,2014,2015-11-20,9165,2014-05-17,1340,020004,,6,1,9,3200,0,1,3,,2,040,"RT 89","RT 70",5280.00,N,N,A,-,Y,PLU,2,89,-,-,9.800,H,-,N,N,2,0,1,1,A,-,03,22350,,N,E,I,A,A,H,-,A,D,0,,,Y,,Y,,C,02,1,0,0,0,0,0,0,0,1,"- ","- ",,,PLUMAS,UNINCORPORATED,-120.97784928,40.046997240000003
6505706,2014,2015-11-20,9165,2014-05-30,1310,19282,,5,1,9,3200,0,1,3,,2,010,"RT 70","LAWRENCE ST",0.00,S,N,A,-,Y,PLU,2,70,-,R,43.100,H,-,E,Y,2,0,1,2,A,-,09,21802,A,N,D,C,A,A,H,-,A,A,0,,,Y,,Y,,A,07,1,0,0,0,0,0,0,0,1,"- ","- ",,,PLUMAS,UNINCORPORATED,-120.94955161999999,39.937491770000001