CASE_ID,ACCIDENT_YEAR,PROC_DATE,JURIS,COLLISION_DATE,COLLISION_TIME,OFFICER_ID,REPORTING_DISTRICT,DAY_OF_WEEK,CHP_SHIFT,POPULATION,CNTY_CITY_LOC,SPECIAL_COND,BEAT_TYPE,CHP_BEAT_TYPE,CITY_DIVISION_LAPD,CHP_BEAT_CLASS,BEAT_NUMBER,PRIMARY_RD,SECONDARY_RD,DISTANCE,DIRECTION,INTERSECTION,WEATHER_1,WEATHER_2,STATE_HWY_IND,CALTRANS_COUNTY,CALTRANS_DISTRICT,STATE_ROUTE,ROUTE_SUFFIX,POSTMILE_PREFIX,POSTMILE,LOCATION_TYPE,RAMP_INTERSECTION,SIDE_OF_HWY,TOW_AWAY,COLLISION_SEVERITY,NUMBER_KILLED,NUMBER_INJURED,PARTY_COUNT,PRIMARY_COLL_FACTOR,PCF_CODE_OF_VIOL,PCF_VIOL_CATEGORY,PCF_VIOLATION,PCF_VIOL_SUBSECTION,HIT_AND_RUN,TYPE_OF_COLLISION,MVIW,PED_ACTION,ROAD_SURFACE,ROAD_COND_1,ROAD_COND_2,LIGHTING,CONTROL_DEVICE,CHP_ROAD_TYPE,PEDESTRIAN_ACCIDENT,BICYCLE_ACCIDENT,MOTORCYCLE_ACCIDENT,TRUCK_ACCIDENT,NOT_PRIVATE_PROPERTY,ALCOHOL_INVOLVED,STWD_VEHTYPE_AT_FAULT,CHP_VEHTYPE_AT_FAULT,COUNT_SEVERE_INJ,COUNT_VISIBLE_INJ,COUNT_COMPLAINT_PAIN,COUNT_PED_KILLED,COUNT_PED_INJURED,COUNT_BICYCLIST_KILLED,COUNT_BICYCLIST_INJURED,COUNT_MC_KILLED,COUNT_MC_INJURED,PRIMARY_RAMP,SECONDARY_RAMP,LATITUDE,LONGITUDE,COUNTY,CITY,POINT_X,POINT_Y
6510686,2014,2015-11-20,9165,2014-06-04,1040,12886,,3,1,9,3200,0,1,3,,2,051,"RT 70","RT 89",0.00,,Y,A,-,Y,PLU,2,70,-,R,66.628,I,5,E,Y,2,0,2,2,A,-,09,21801,A,N,D,C,A,A,H,-,A,D,0,,,,,Y,,A,07,1,1,0,0,0,0,0,0,0,"- ","- ",,,PLUMAS,UNINCORPORATED,-120.62009227999999,39.784454949999997
6530078,2014,2015-11-20,9165,2014-06-23,1444,019784,,1,2,9,3200,0,1,3,,2,032,"RT 70","QUARRY RD",412.00,E,N,A,-,Y,PLU,2,70,-,-,34.580,H,-,E,Y,2,0,1,1,A,-,08,22107,,N,F,A,A,A,H,-,A,D,0,,,Y,,Y,,C,02,1,0,0,0,0,0,0,0,1,"- ","- ",,,PLUMAS,UNINCORPORATED,-120.96456757999999,40.0354229
6574841,2014,2016-04-28,9165,2014-07-25,1836,019784,,5,2,9,3200,0,1,3,,2,032,"RT 70","ROUND HOUSE RD",528.00,E,N,A,-,Y,PLU,2,70,-,-,37.250,H,-,W,Y,2,0,1,2,A,-,08,22107,,N,B,C,A,A,H,-,A,D,0,,,,,Y,Y,D,22,1,0,0,0,0,0,0,0,0,"- ","- ",,,PLUMAS,UNINCORPORATED,-120.95896663000001,40.006216270000003
6598500,2014,2016-04-28,9165,2014-08-14,2328,020004,,4,3,9,3200,0,1,3,,2,032,"RT 70","QUARRY RD",2640.00,E,N,A,-,Y,PLU,2,70,-,-,34.910,H,-,W,Y,2,0,2,1,A,-,01,23152,E,N,E,I,A,A,H,-,D,D,0,,,,,Y,,D,22,1,0,1,0,0,0,0,0,0,"- ","- ",,,PLUMAS,UNINCORPORATED,-120.96175014000001,40.03164606
6621634,2014,2014-09-29,9165,2014-09-07,1115,19392,,7,1,9,3200,0,3,5,,2,002,"QUINCY LA PORTE RD","RT 70",23232.00,S,N,A,-,N,,,,,,,,,,N,2,0,1,1,A,-,03,22350,,N,F,A,A,A,H,-,A,D,0,,,Y,,Y,,C,02,1,0,0,0,0,0,0,0,1,"- ","- ",,,PLUMAS,UNINCORPORATED,-120.86526173999999,39.896228450000002
6642979,2014,2016-06-14,9165,2014-10-04,1450,014395,,6,2,9,3200,0,1,3,,2,040,"RT 89","RT 70",5280.00,N,N,A,-,Y,PLU,2,89,-,-,9.720,H,-,N,N,2,0,1,1,A,-,03,22350,,N,H,A,A,A,H,-,A,D,0,,,Y,,Y,Y,C,02,1,0,0,0,0,0,0,0,1,"- ","- ",,,PLUMAS,UNINCORPORATED,-120.97747244999999,40.045961210000002
6642983,2014,2014-11-14,9165,2014-10-04,1315,016297,,6,1,9,3200,0,3,5,,2,002,"LA PORTE RD","HAUNS DR",12672.00,S,N,A,-,N,,,,,,,,,,Y,2,0,1,1,A,-,03,22350,,N,E,I,A,A,H,-,A,D,0,,,Y,,Y,,C,02,1,0,0,0,0,0,0,0,1,"- ","- ",,,PLUMAS,UNINCORPORATED,-120.85893631,39.856490489999999
6700894,2014,2016-06-13,9165,2014-10-31,1230,16297,,5,1,9,3200,0,1,3,,2,030,"RT 70","STORRIE RD",11616.00,W,N,B,C,Y,PLU,2,70,-,-,3.160,H,-,E,Y,2,0,2,1,A,-,03,22350,,N,E,I,A,B,H,-,A,D,0,,,,,Y,,A,07,1,1,0,0,0,0,0,0,0,"- ","- ",,,PLUMAS,UNINCORPORATED,-121.35887185,39.900744230000001
6759399,2014,2015-01-30,9165,2014-12-10,2050,13901,,3,2,9,3200,0,3,5,,2,005,"W PLUMAS AV","BEAR WY",111.00,E,N,B,C,N,,,,,,,,,,Y,2,0,1,1,A,-,08,22107,,N,E,I,A,B,H,-,D,D,0,,,,,Y,,A,01,1,0,0,0,0,0,0,0,0,"- ","- ",,,PLUMAS,UNINCORPORATED,-120.47887507,39.811262820000003
6759400,2014,2016-06-13,9165,2014-12-17,1650,17410,,3,2,9,3200,0,1,3,,2,030,"RT 70","CHAMBERS CREEK",2640.00,W,N,B,C,Y,PLU,2,70,-,-,8.500,H,-,W,Y,2,0,1,1,A,-,08,22107,,N,E,I,A,B,H,-,B,D,0,,,,,Y,,A,01,1,0,0,0,0,0,0,0,0,"- ","- ",,,PLUMAS,UNINCORPORATED,-121.30109876,39.95220604
6796913,2015,2015-02-25,9165,2015-01-27,0758,14395,,2,1,9,3200,0,3,5,,2,002,"BUCKS LAKE RD","BUCKS LAKE RD 1953",921.00,W,N,B,-,N,,,,,,,,,,Y,2,0,1,1,A,-,01,23152,E,N,F,A,A,C,B,-,A,D,0,,,,,Y,,D,22,1,0,0,0,0,0,0,0,0,"- ","- ",,,PLUMAS,UNINCORPORATED,,
6808982,2015,2016-09-07,9165,2015-02-06,1540,014395,,5,2,9,3200,0,1,3,,2,041,"RT 89","WOLF CREEK",4224.00,N,N,B,D,Y,PLU,2,89,-,-,28.180,H,-,N,Y,2,0,1,1,A,-,03,22350,,N,E,I,A,C,E,-,A,D,0,,,,,Y,,D,22,1,0,0,0,0,0,0,0,0,"- ","- ",,,PLUMAS,UNINCORPORATED,-121.05187579,40.177357579999999
6812673,2015,2015-03-05,9165,2015-01-23,2220,017447,,5,3,9,3200,0,3,5,,2,005,"HEMLOCK DR","COUNTY ROAD A15",3696.00,E,N,A,-,N,,,,,,,,,,Y,2,0,3,1,A,-,08,22107,,F,E,I,A,A,H,-,D,D,0,,,,,Y,Y,A,07,2,1,0,0,0,0,0,0,0,"- ","- ",,,PLUMAS,UNINCORPORATED,-120.4690969,39.789660499999997
6968848,2015,2015-07-13,9165,2015-06-19,0630,019416,,5,1,9,3200,0,3,5,,2,002,"FOREST SERVICE RD 24N29","BUCKS LAKE RD",26400.00,S,N,A,-,N,,,,,,,,,,N,2,0,1,1,A,-,03,38305,,N,F,A,A,A,H,-,A,D,0,,,Y,,Y,,C,02,1,0,0,0,0,0,0,0,1,"- ","- ",,,PLUMAS,UNINCORPORATED,-121.02467179,39.899840769999997
90012609,2015,2015-10-19,9165,2015-08-22,2030,019416,,6,2,9,3200,0,1,3,,2,031,SR-70,"SODA CREEK ROAD",11616.00,W,N,A,-,Y,,,70,,,,,,,N,2,0,1,1,A,-,08,22107,,N,E,I,A,A,C,-,D,D,0,,,Y,,Y,,C,02,1,0,0,0,0,0,0,0,1,"- ","- ",40.024679999999996,-121.02948000000001,PLUMAS,UNINCORPORATED,-121.02944687,40.02468013
90014848,2015,2015-10-19,9165,2015-09-03,1510,021091,,4,2,9,3200,0,1,3,,2,041,SR-89,"WOLF CREEK UNDERPASS",150.00,S,N,A,-,Y,,,89,,,,,,,Y,2,0,1,2,A,-,03,22350,,N,C,C,A,A,H,-,A,D,0,,,Y,,Y,,C,02,1,0,0,0,0,0,0,0,1,"- ","- ",40.174570000000003,-121.04174999999999,PLUMAS,UNINCORPORATED,-121.04176655000001,40.174501990000003
90014903,2015,2015-10-19,9165,2015-09-06,1235,017447,,7,1,9,3200,0,3,5,,2,002,"LAPORTE ROAD",SR-70,61776.00,S,N,A,-,N,,,,,,,,,,Y,2,0,1,1,A,-,03,22350,,N,F,A,A,A,H,-,A,D,0,,,Y,,Y,,C,02,1,0,0,0,0,0,0,0,1,"- ","- ",39.850470000000001,-120.86828,PLUMAS,UNINCORPORATED,-120.86825252,39.850401069999997
90017159,2015,2015-10-19,9165,2015-09-11,0927,019392,,5,1,9,3200,0,1,3,,2,040,SR-89,SR-70,6336.00,N,N,A,-,Y,,,89,,,,,,,Y,2,0,2,1,C,-,18,,,N,E,I,A,A,H,-,A,D,0,,,,,Y,,-,"- ",2,0,0,0,0,0,0,0,0,"- ","- ",40.047469999999997,-120.98059000000001,PLUMAS,UNINCORPORATED,-120.98054676,40.047550710000003
90038317,2015,2015-10-26,9165,2015-10-14,1658,020692,,3,2,9,3200,0,1,3,,2,051,SR-70,"CLIO STATE 40A RD",0.00,,Y,A,-,Y,,,70,,,,,,,Y,2,0,1,2,A,-,09,21801,A,N,D,C,A,A,H,-,A,D,0,,,,,Y,,D,22,1,0,0,0,0,0,0,0,0,"- ","- ",39.793059999999997,-120.53228,PLUMAS,UNINCORPORATED,-120.53232633,39.793150339999997
90042283,2015,2015-11-02,9165,2015-10-26,0710,013862,,1,1,9,3200,0,1,3,,2,032,SR-70,"OLD HIGHWAY (WEST)",4224.00,E,N,A,-,Y,,,70,,,,,,,Y,2,0,2,1,A,-,08,22107,,N,E,I,A,A,H,-,A,D,0,,,,,Y,,A,07,1,1,0,0,0,0,0,0,0,"- ","- ",39.996769999999998,-120.953,PLUMAS,UNINCORPORATED,-120.95299832000001,39.996783659999998
90059234,2015,2015-11-25,9165,2015-11-22,2000,013901,,7,2,9,3200,0,3,5,,2,005,"BECKWOURTH CALPINE ROAD (COUNTY RD A23)","VALLE VISTA DRIVE",0.00,,Y,A,-,N,,,,,,,,,,Y,2,0,1,1,A,-,01,23152,A,N,E,I,A,A,H,-,D,D,0,,,,,Y,Y,D,22,1,0,0,0,0,0,0,0,0,"- ","- ",39.777419999999999,-120.3801,PLUMAS,UNINCORPORATED,-120.38012992,39.777429890000001
90060247,2015,2015-11-26,9165,2015-11-20,1545,020318,,5,2,9,3200,0,3,5,,2,002,"BUCKS LAKE RD.","SLATE CREEK RD",123.00,E,N,A,-,N,,,,,,,,,,Y,2,0,1,1,A,-,03,22350,,N,E,I,A,B,B,-,A,D,0,,,,,Y,,D,22,1,0,0,0,0,0,0,0,0,"- ","- ",39.942120000000003,-121.01655,PLUMAS,UNINCORPORATED,-121.01664305,39.942020280000001
90061755,2015,2015-11-30,9165,2015-11-24,1030,014395,,2,1,9,3200,0,1,3,,2,020,SR-70,"SQUIRREL CREEK RD.",2640.00,E,N,B,D,Y,,,70,,,,,,,Y,2,0,1,1,A,-,03,22350,,N,F,A,A,C,E,-,A,D,0,,,,,Y,,A,01,1,0,0,0,0,0,0,0,0,"- ","- ",39.908619999999999,-120.80141999999999,PLUMAS,UNINCORPORATED,-120.80146851000001,39.908520729999999
90064473,2015,2015-12-03,9165,2015-11-24,1640,018622,,2,2,9,3200,0,3,5,,2,002,"BUCKS LAKE RD","SLATE CREEK RD",3168.00,W,N,A,-,N,,,,,,,,,,Y,2,0,1,1,A,-,03,22350,,N,F,A,A,C,H,-,D,D,0,,,,,Y,,A,07,1,0,0,0,0,0,0,0,0,"- ","- ",39.947859999999999,-121.02433000000001,PLUMAS,UNINCORPORATED,-121.02434725000001,39.947813009999997
90100211,2015,2016-01-21,9165,2015-12-18,1725,021091,,5,2,9,3200,0,1,3,,2,011,"SR-70 (EAST MAIN STREET)","REDBERG AVE",36.00,E,N,B,C,Y,,,70,,,,,,,N,1,1,0,2,A,-,10,21950,A,N,G,B,B,B,H,-,C,D,0,Y,,,,Y,,A,07,0,0,0,1,0,0,0,0,0,"- ","- ",39.934480000000001,-120.90916,PLUMAS,UNINCORPORATED,-120.90916111999999,39.934452389999997
90109477,2016,2016-02-04,9165,2016-02-01,1315,019282,,1,1,9,3200,0,1,3,,2,020,SR-70,"RAILROAD ST",5280.00,W,N,A,-,Y,,,70,,,,,,,Y,2,0,1,1,C,-,18,,,N,E,J,A,A,H,-,A,D,0,,,,,Y,,-,"- ",1,0,0,0,0,0,0,0,0,"- ","- ",39.905340000000002,-120.7949,PLUMAS,UNINCORPORATED,-120.79491757,39.90530416
90130277,2016,2016-04-13,9165,2016-02-26,1655,019416,,5,2,9,3200,0,1,3,,2,032,SR-70,"KEDDIE RESORT RD",2112.00,W,N,A,-,Y,,,70,,,,,,,Y,2,0,2,1,A,-,08,22107,,N,F,A,A,A,H,-,A,D,0,,,Y,,Y,,C,02,2,0,0,0,0,0,0,0,2,"- ","- ",40.017510000000001,-120.96459,PLUMAS,UNINCORPORATED,-120.96450793,40.01740461
90133371,2016,2016-03-10,9165,2016-03-07,1945,018837,,1,2,9,3200,0,1,3,,2,031,SR-70,"OLD MILL DRIVE",5280.00,W,N,B,E,Y,,,70,,,,,,,Y,2,0,1,1,A,-,08,22107,,N,E,I,A,B,H,-,D,D,0,,,,,Y,,A,01,1,0,0,0,0,0,0,0,0,"- ","- ",40.017470000000003,-121.09614000000001,PLUMAS,UNINCORPORATED,-121.09614191999999,40.017421179999999
90150045,2016,2016-04-04,9165,2016-03-25,1510,019416,,5,2,9,3200,0,1,3,,2,032,SR-70,"SR-89 (GREENVILLE WYE)",528.00,E,N,A,-,Y,,,70,,,,,,,N,2,0,1,1,A,-,08,22107,,N,E,I,A,A,H,-,A,D,0,,,Y,,Y,,C,02,1,0,0,0,0,0,0,0,1,"- ","- ",40.039230000000003,-120.9817,PLUMAS,UNINCORPORATED,-120.98171685,40.03912983
90175261,2016,2016-05-09,9165,2016-04-22,1750,018600,,5,2,9,3200,0,1,3,,2,052,SR-70,"VINTON CEMETERY ROAD",1385.00,W,N,B,D,Y,,,70,,,,,,,Y,1,1,1,2,A,-,01,23152,A,N,A,C,A,C,H,-,A,D,0,,,,,Y,Y,A,07,1,0,0,0,0,0,0,0,0,"- ","- ",39.800269999999998,-120.1647,PLUMAS,UNINCORPORATED,-120.16470006,39.800269610000001
90210427,2016,2016-06-27,9285,2016-06-22,1530,017393,,3,2,9,3200,0,3,5,,1,008,"DIRT TRAIL EAST OF PORT WINE ROAD","POST STREET",3062.00,S,N,A,-,N,,,,,,,,,,N,2,0,1,1,B,-,22,,,N,E,J,A,A,G,-,A,D,0,,,Y,,Y,,C,06,1,0,0,0,0,0,0,0,1,"- ","- ",39.402979999999999,-121.58371,PLUMAS,UNINCORPORATED,,
90215355,2016,2016-07-04,9165,2016-06-24,2320,019993,,5,3,9,3200,0,3,5,,2,002,"SNAKE LAKE RD","BUCKS LAKE RD",0.00,,Y,A,-,N,,,,,,,,,,Y,2,0,4,1,A,-,01,23152,A,N,E,I,A,A,H,-,D,D,0,,,,,Y,Y,A,01,2,1,1,0,0,0,0,0,0,"- ","- ",39.94941,-121.03774,PLUMAS,UNINCORPORATED,-121.03782993,39.949349990000002
90225138,2016,2016-07-19,9165,2016-07-10,1812,019993,,7,2,9,3200,0,1,3,,2,040,SR-89,SR-70,7392.00,N,N,A,-,Y,,,89,,,,,,,Y,2,0,5,2,A,-,01,23152,A,N,A,C,A,A,H,-,A,D,0,,,,,Y,Y,D,22,1,2,2,0,0,0,0,0,0,"- ","- ",40.046939999999999,-120.97759000000001,PLUMAS,UNINCORPORATED,-120.97765496,40.046863850000001
90228850,2016,2016-07-25,9165,2016-07-14,1011,019282,,4,1,9,3200,0,3,5,,2,002,"BUCKS LAKE RD","BUCKS LAKE SUMMIT",2640.00,E,N,A,-,N,,,,,,,,,,Y,2,0,1,1,A,-,03,22350,,N,F,A,A,A,H,-,A,D,0,,,Y,,Y,,C,02,1,0,0,0,0,0,0,0,1,"- ","- ",39.904739999999997,-121.11537,PLUMAS,UNINCORPORATED,-121.31583127,39.806999990000001
90240027,2016,2016-08-08,9140,2016-08-07,1245,015598,,7,1,9,3200,0,3,5,,2,050,"ALMANOR WEST DRIVE","DYER VIEW CAMPGROUND",287.00,N,N,A,-,N,,,,,,,,,,N,2,0,1,1,A,-,08,22107,,N,F,A,A,A,H,-,A,D,0,,Y,,,Y,,L,04,1,0,0,0,0,0,1,0,0,"- ","- ",,,PLUMAS,UNINCORPORATED,,
90244759,2016,2016-08-15,9165,2016-08-09,1315,014395,,2,1,9,3200,0,1,3,,2,030,SR-70,"GRIZZLY DOME TUNNEL (W)",21.00,W,N,B,-,Y,,,70,,,,,,,Y,2,0,3,2,A,-,05,21460,A,N,A,C,A,A,H,-,A,D,0,,,,,Y,,A,07,1,1,1,0,0,0,0,0,0,"- ","- ",39.869070000000001,-121.37336999999999,PLUMAS,UNINCORPORATED,-121.37328282,39.868988539999997
90250579,2016,2016-08-23,9165,2016-08-19,1510,019416,,5,2,9,3200,0,1,3,,2,030,SR-70,"RODGERS FLAT",3168.00,E,N,A,-,Y,,,70,,,,,,,Y,2,0,3,1,A,-,08,22107,,N,F,A,A,A,H,-,A,D,0,,,,,Y,,D,22,1,1,1,0,0,0,0,0,0,"- ","- ",39.966810000000002,-121.27518000000001,PLUMAS,UNINCORPORATED,-121.27515076,39.966857959999999
90263033,2016,2016-09-07,9140,2016-09-05,1654,016732,,1,2,9,3200,0,1,3,,2,051,SR-32,"BUTTE/TEHAMA COUNTY LINE",2112.00,E,N,A,-,Y,,,,,,,,,,Y,2,0,1,1,A,-,08,22107,,N,E,I,A,A,H,-,A,D,0,,,Y,,Y,,C,02,1,0,0,0,0,0,0,0,1,"- ","- ",,,PLUMAS,UNINCORPORATED,,
90288084,2016,2016-10-18,9165,2016-09-16,1935,019416,,5,2,9,3200,0,3,5,,2,002,"OROVILLE-QUINCY HIGHWAY","USFS RD 23N73Y",1584.00,E,N,A,-,N,,,,,,,,,,Y,1,1,0,1,A,-,03,22350,,N,F,A,A,A,H,-,D,D,0,,,Y,,Y,,C,02,0,0,0,0,0,0,0,1,0,"- ","- ",39.86148,-121.23513,PLUMAS,UNINCORPORATED,-121.23513,39.86148
90335077,2016,2017-03-13,9165,2016-11-13,0725,013862,,7,1,9,3200,0,1,3,,2,010,SR-70,"BARLOW RD.",221.00,E,N,E,-,Y,,,70,,,,,,,Y,1,2,2,1,A,-,08,22107,,N,E,I,A,A,H,-,A,D,0,,,,,Y,,D,22,2,0,0,0,0,0,0,0,0,"- ","- ",39.97522,-120.93737,PLUMAS,UNINCORPORATED,-120.93743130999999,39.97519819
90358939,2016,2017-01-02,9165,2016-12-23,2150,021091,,5,2,9,3200,0,3,5,,2,004,"GREENVILLE WOLF CREEK RD","ROUND VALLEY RD",217.00,N,N,B,-,N,,,,,,,,,,Y,2,0,1,1,A,-,01,23152,A,N,E,I,A,C,H,-,D,D,0,,,,,Y,Y,A,07,1,0,0,0,0,0,0,0,0,"- ","- ",40.137970000000003,-120.95461,PLUMAS,UNINCORPORATED,-120.95458746,40.137993889999997
90366665,2017,2017-01-11,9165,2017-01-03,2032,014395,,2,2,9,3200,0,1,3,,2,032,SR-70,"QUARRY RD.",1584.00,E,N,B,C,Y,,,70,,,,,,,Y,2,0,1,1,A,-,03,22350,,N,E,I,A,C,H,-,D,D,0,,,,,Y,,-,98,1,0,0,0,0,0,0,0,0,"- ","- ",40.031950000000002,-120.96145,PLUMAS,UNINCORPORATED,-120.96147118,40.031962829999998
90368453,2016,2017-01-12,9140,2016-12-31,1728,019971,,6,2,9,3200,0,3,5,,2,050,"CLIFFORD DRIVE","MARINA DRIVE",5280.00,W,N,A,-,N,,,,,,,,,,Y,2,0,3,2,A,-,03,22350,,N,D,C,A,C,H,-,D,D,0,,,,,Y,,D,22,1,0,2,0,0,0,0,0,0,"- ","- ",40.273200000000003,-121.14012,PLUMAS,UNINCORPORATED,-121.13154488000001,40.291360869999998
90374966,2017,2017-01-23,9165,2017-01-16,1130,013862,,1,1,9,3200,0,1,3,,2,011,"SR-70 (E. MAIN ST.)","ALTA AVE.",4.00,E,N,A,-,Y,,,70,,,,,,,N,2,0,3,4,A,-,10,21950,A,N,G,B,B,A,H,-,A,D,0,Y,,,,Y,,A,01,1,2,0,0,3,0,0,0,0,"- ","- ",39.934150000000002,-120.90173,PLUMAS,UNINCORPORATED,-120.90172991999999,39.934152079999997
90381323,2016,2017-01-30,9165,2016-12-24,1222,019392,,6,1,9,3200,0,1,3,,2,032,SR-70,"SPANISH CREEK BRIDGE",1056.00,E,N,B,-,Y,,,70,,,,,,,Y,1,1,4,2,A,-,03,22350,,N,A,C,A,C,B,E,A,D,0,,,,Y,Y,,A,07,1,1,2,0,0,0,0,0,0,"- ","- ",40.021810000000002,-120.96192000000001,PLUMAS,UNINCORPORATED,-120.96194087000001,40.021775679999998
90406991,2017,2017-03-07,9165,2017-02-25,0810,018046,,6,1,9,3200,0,3,5,,2,002,"BUCKS LAKE ROAD","SLATE CREEK ROAD",2640.00,E,N,B,-,N,,,,,,,,,,Y,2,0,1,1,A,-,01,23152,A,N,E,I,A,C,B,-,A,D,0,,,,,Y,Y,D,22,1,0,0,0,0,0,0,0,0,"- ","- ",39.945979999999999,-121.00135,PLUMAS,UNINCORPORATED,-121.00935549,39.944191840000002
90411718,2017,2017-03-14,9165,2017-03-07,1610,019416,,2,2,9,3200,0,3,5,,2,004,"NORTH VALLEY ROAD","RESERVATION ROAD",2112.00,N,N,B,-,N,,,,,,,,,,Y,2,0,1,1,A,-,01,23152,A,N,E,I,A,A,H,-,A,D,0,,,,,Y,Y,A,07,1,0,0,0,0,0,0,0,0,"- ","- ",40.144370000000002,-120.90066,PLUMAS,UNINCORPORATED,-120.90066,40.144370000000002
90413190,2017,2017-03-15,9140,2017-03-04,1326,019971,,6,1,9,3200,0,1,3,,2,051,"STATE ROUTE 36","STATE ROUTE 147",11616.00,W,N,B,D,Y,,,36,,,,,,,Y,2,0,1,2,A,-,05,21650,,N,A,C,A,B,H,-,A,D,0,,,,Y,Y,,G,25,1,0,0,0,0,0,0,0,0,"- ","- ",40.315159999999999,-121.09336999999999,PLUMAS,UNINCORPORATED,-121.09336938,40.315166679999997
90423243,2017,2017-03-29,9165,2017-03-09,1413,018046,,4,2,9,3200,0,1,3,,2,020,SR-70,"CHANDLER ROAD EAST",3168.00,E,N,B,-,Y,,,70,,,,,,,Y,1,1,0,1,A,-,01,23152,G,N,E,I,A,A,H,-,A,D,0,,,,,Y,Y,A,07,0,0,0,0,0,0,0,0,0,"- ","- ",39.932679999999998,-120.85177,PLUMAS,UNINCORPORATED,-120.85177645,39.93262678
90435082,2017,2017-04-24,9165,2017-04-04,1250,014395,,2,1,9,3200,0,1,3,,2,030,SR-70,"GRIZZLY DOME TUNNEL (WEST END)",68.00,E,N,B,-,Y,,,70,,,,,,,Y,2,0,4,2,A,-,08,22107,,N,A,C,A,A,H,-,C,D,0,,,,Y,Y,,G,27,2,2,0,0,0,0,0,0,0,"- ","- ",39.869410000000002,-121.37334,PLUMAS,UNINCORPORATED,-121.37309930000001,39.86922852
90440394,2017,2017-04-26,9165,2017-04-16,0100,013901,,7,3,9,3200,0,3,5,,2,005,"GRIZZLY ROAD",SR-70,2640.00,N,N,B,-,N,,,,,,,,,,Y,2,0,1,1,A,-,01,23152,A,N,E,I,A,A,H,-,D,D,0,,,,,Y,Y,A,01,1,0,0,0,0,0,0,0,0,"- ","- ",39.83164,-120.42371,PLUMAS,UNINCORPORATED,-120.42368049,39.831235169999999
90449489,2017,2017-05-04,9140,2017-04-21,1405,018847,,5,2,9,3200,0,1,3,,2,051,SR-36,"COUNTY ROAD A13",0.00,,Y,A,-,Y,,,36,,,,,,,Y,2,0,4,2,A,-,09,21801,A,N,D,C,A,A,H,-,A,D,0,,,,,Y,,A,07,1,2,1,0,0,0,0,0,0,"- ","- ",40.305039999999998,-121.14309,PLUMAS,UNINCORPORATED,-121.14311355,40.305114539999998
90455908,2017,2017-05-15,9165,2017-05-05,1535,017447,,5,2,9,3200,0,1,3,,2,032,SR-70,"SPANISH CREEK BRIDGE",528.00,E,N,A,-,Y,,,70,,,,,,,Y,2,0,4,2,A,-,01,23152,A,N,A,C,A,A,H,-,A,D,0,,,,,Y,Y,A,07,1,2,1,0,0,0,0,0,0,"- ","- ",40.022509999999997,-120.96263999999999,PLUMAS,UNINCORPORATED,-120.96262464,40.022518230000003
90462702,2017,2017-05-24,9165,2017-05-22,0754,014395,,1,1,9,3200,0,3,5,,2,001,"CHANDLER RD.","4950 CHANDLER RD.",178.00,E,N,A,-,N,,,,,,,,,,Y,2,0,1,1,A,-,08,22107,,N,E,I,A,A,H,-,A,D,0,,,,,Y,,D,22,1,0,0,0,0,0,0,0,0,"- ","- ",39.968170000000001,-120.93098000000001,PLUMAS,UNINCORPORATED,,
90501365,2017,2017-07-17,9165,2017-07-10,0804,013862,,1,1,9,3200,0,1,3,,2,030,SR-70,"ROCK CREEK POWER DAM",4224.00,E,N,A,-,Y,,,70,,,,,,,Y,2,0,1,1,A,-,03,22350,,N,F,A,A,A,H,-,A,D,0,,,,Y,Y,,G,25,1,0,0,0,0,0,0,0,0,"- ","- ",39.994590000000002,-121.27845000000001,PLUMAS,UNINCORPORATED,-121.27846024,39.994624420000001
90542080,2017,2017-09-06,9165,2017-08-26,1310,020692,,6,1,9,3200,0,1,3,,2,051,SR-70,SR-89,0.00,,Y,A,-,Y,,,70,,,,,,,Y,2,0,1,2,A,-,09,21802,A,N,D,C,A,A,H,-,A,A,0,,,Y,,Y,,C,02,1,0,0,0,0,0,0,0,1,"- ","- ",39.784390000000002,-120.62011,PLUMAS,UNINCORPORATED,-120.62008233,39.784450380000003