CASE_ID,ACCIDENT_YEAR,PROC_DATE,JURIS,COLLISION_DATE,COLLISION_TIME,OFFICER_ID,REPORTING_DISTRICT,DAY_OF_WEEK,CHP_SHIFT,POPULATION,CNTY_CITY_LOC,SPECIAL_COND,BEAT_TYPE,CHP_BEAT_TYPE,CITY_DIVISION_LAPD,CHP_BEAT_CLASS,BEAT_NUMBER,PRIMARY_RD,SECONDARY_RD,DISTANCE,DIRECTION,INTERSECTION,WEATHER_1,WEATHER_2,STATE_HWY_IND,CALTRANS_COUNTY,CALTRANS_DISTRICT,STATE_ROUTE,ROUTE_SUFFIX,POSTMILE_PREFIX,POSTMILE,LOCATION_TYPE,RAMP_INTERSECTION,SIDE_OF_HWY,TOW_AWAY,COLLISION_SEVERITY,NUMBER_KILLED,NUMBER_INJURED,PARTY_COUNT,PRIMARY_COLL_FACTOR,PCF_CODE_OF_VIOL,PCF_VIOL_CATEGORY,PCF_VIOLATION,PCF_VIOL_SUBSECTION,HIT_AND_RUN,TYPE_OF_COLLISION,MVIW,PED_ACTION,ROAD_SURFACE,ROAD_COND_1,ROAD_COND_2,LIGHTING,CONTROL_DEVICE,CHP_ROAD_TYPE,PEDESTRIAN_ACCIDENT,BICYCLE_ACCIDENT,MOTORCYCLE_ACCIDENT,TRUCK_ACCIDENT,NOT_PRIVATE_PROPERTY,ALCOHOL_INVOLVED,STWD_VEHTYPE_AT_FAULT,CHP_VEHTYPE_AT_FAULT,COUNT_SEVERE_INJ,COUNT_VISIBLE_INJ,COUNT_COMPLAINT_PAIN,COUNT_PED_KILLED,COUNT_PED_INJURED,COUNT_BICYCLIST_KILLED,COUNT_BICYCLIST_INJURED,COUNT_MC_KILLED,COUNT_MC_INJURED,PRIMARY_RAMP,SECONDARY_RAMP,LATITUDE,LONGITUDE,COUNTY,CITY,POINT_X,POINT_Y
90602474,2017,2017-11-27,9165,2017-11-18,1905,020692,,6,2,9,3200,0,3,5,,2,005,"MARBLE HOT SPRINGS ROAD","BECKWOURTH CALPINE RD",4752.00,E,N,A,-,N,,,,,,,,,,Y,2,0,1,1,A,-,01,23152,A,N,E,I,A,D,H,-,D,D,0,,,,,Y,Y,A,01,1,0,0,0,0,0,0,0,0,"- ","- ",39.755569999999999,-120.35250000000001,PLUMAS,UNINCORPORATED,-120.35439571000001,39.755586890000004
90616967,2017,2017-12-13,9140,2017-12-12,0220,015598,,2,3,9,3200,0,1,3,,2,051,"STATE ROUTE 36","USFS STATION CHESTER",1162.00,W,N,A,-,Y,,,36,,,,,,,Y,2,0,2,1,A,-,08,22107,,N,E,I,A,A,H,-,D,D,0,,,,,Y,,A,07,2,0,0,0,0,0,0,0,0,"- ","- ",40.287280000000003,-121.24688,PLUMAS,UNINCORPORATED,-121.24687422,40.287275579999999
90641726,2017,2018-01-30,9165,2017-12-27,0850,018046,,3,1,9,3200,0,1,3,,2,040,SR-89,"DIXIE CANYON ROAD",2112.00,S,N,A,-,Y,,,89,,,,,,,Y,1,1,0,1,A,-,08,22107,,N,E,I,A,A,H,-,A,D,0,,,,,Y,,D,22,0,0,0,0,0,0,0,0,0,"- ","- ",40.073999999999998,-120.94414999999999,PLUMAS,UNINCORPORATED,-120.94411676,40.07394137
90650051,2018,2018-01-29,9165,2018-01-20,0610,019993,,6,1,9,3200,0,3,5,,2,002,"BUCKS LAKE RD","BIG CREEK RD",400.00,E,N,B,-,N,,,,,,,,,,Y,2,0,1,1,A,-,03,22350,,N,E,I,A,C,H,-,D,D,0,,,,,Y,,A,01,1,0,0,0,0,0,0,0,0,"- ","- ",39.924301147460938,-121.08454132080078,PLUMAS,UNINCORPORATED,-121.17372894287109,39.867881774902344
90652053,2018,2018-01-31,9165,2018-01-19,1434,018046,,5,2,9,3200,0,1,3,,2,041,SR-89,"GREENVILLE WOLF CREEK ROAD",2640.00,N,N,B,-,Y,,,89,,,,,,,Y,2,0,1,1,A,-,08,22107,,N,E,I,A,B,H,-,A,D,0,,,,,Y,,A,07,1,0,0,0,0,0,0,0,0,"- ","- ",40.173469543457031,-120.97702026367188,PLUMAS,UNINCORPORATED,-120.97705078125,40.173366546630859
90652822,2018,2018-02-01,9165,2018-01-23,0650,018506,,2,1,9,3200,0,3,5,,2,005,"BECKWOURTH CALPINE RD (COUNTY RD A-23)","VALLE VISTA DR",899.00,S,N,E,-,N,,,,,,,,,,Y,2,0,4,1,A,-,03,22350,,N,F,A,A,C,H,-,B,D,0,,,,,Y,,A,07,3,1,0,0,0,0,0,0,0,"- ","- ",39.775161743164062,-120.37860107421875,PLUMAS,UNINCORPORATED,-120.37871551513672,39.775299072265625
90652847,2018,2018-02-01,9165,2018-01-26,0741,018600,,5,1,9,3200,0,1,3,,2,052,SR-70,"HARRISON RANCH RD",3696.00,W,N,A,-,Y,,,70,,,,,,,Y,2,0,2,2,A,-,06,21750,A,N,D,C,A,A,H,-,A,D,0,,,,,Y,,A,07,1,0,1,0,0,0,0,0,0,"- ","- ",39.809669494628906,-120.24867248535156,PLUMAS,UNINCORPORATED,-120.24867248535156,39.809661865234375
90675924,2018,2018-03-06,9165,2018-02-05,1419,014395,,1,2,9,3200,0,1,3,,2,031,SR-70,"PAXTON RD.",6336.00,W,N,B,-,Y,,,70,,,,,,,Y,1,3,2,3,A,-,01,23152,G,N,A,C,A,A,H,-,A,D,0,,,Y,,Y,,A,07,1,1,0,0,0,0,0,2,0,"- ","- ",40.035488128662109,-121.01058959960938,PLUMAS,UNINCORPORATED,-121.01055145263672,40.035449981689453
90712678,2018,2018-04-25,9165,2018-04-20,1529,014395,,5,2,9,3200,0,1,3,,2,011,SR-70,"LA PORTE RD",528.00,W,N,A,-,Y,,,70,,,,,,,Y,2,0,1,1,A,-,01,23152,F,N,E,I,A,A,H,-,A,D,0,,,,,Y,,D,22,1,0,0,0,0,0,0,0,0,"- ","- ",39.935420989990234,-120.88703918457031,PLUMAS,UNINCORPORATED,-120.88701629638672,39.935359954833984
90745616,2018,2018-06-11,9165,2018-06-02,1230,018600,,6,1,9,3200,0,3,5,,2,005,"GOLD LAKE FOREST HIGHWAY","ELWELL LODGE RD",3168.00,N,N,A,-,N,,,,,,,,,,Y,2,0,1,2,A,-,05,21460,A,N,B,C,A,A,H,-,A,D,0,,,Y,,Y,,C,02,1,0,0,0,0,0,0,0,1,"- ","- ",39.712921142578125,-120.66377258300781,PLUMAS,UNINCORPORATED,-120.66374206542969,39.712947845458984
90745647,2018,2018-06-11,9165,2018-06-01,1415,020692,,5,2,9,3200,0,1,3,,2,051,SR-70,"PIEDRA RD",363.00,E,N,A,-,Y,,,70,,,,,,,Y,2,0,1,2,A,-,01,23152,A,N,A,C,A,A,H,-,A,D,0,,,,Y,Y,Y,A,01,1,0,0,0,0,0,0,0,0,"- ","- ",39.79595947265625,-120.52691650390625,PLUMAS,UNINCORPORATED,-120.52690887451172,39.795932769775391
90754204,2018,2018-06-25,9165,2018-06-15,1110,017447,,5,1,9,3200,0,1,3,,2,032,SR-70,"GREENVILLE WYE",2640.00,E,N,A,-,Y,,,70,,,,,,,N,2,0,1,1,A,-,03,22350,,N,B,I,A,A,H,-,A,D,0,,,Y,,Y,,C,02,1,0,0,0,0,0,0,0,1,"- ","- ",40.035518646240234,-120.97705078125,PLUMAS,UNINCORPORATED,-120.97705841064453,40.035495758056641
90777170,2018,2018-07-26,9165,2018-06-23,2500,018622,,6,4,9,3200,0,3,5,,2,003,"SENECA ROAD (PLUMAS COUNTY RD # 306)",SR-89,36960.00,S,N,A,-,N,,,,,,,,,,Y,1,1,0,1,A,-,08,22107,,N,F,A,A,A,H,-,A,D,0,,,,,Y,,D,22,0,0,0,0,0,0,0,0,0,"- ","- ",40.104679107666016,-121.09777069091797,PLUMAS,UNINCORPORATED,-121.0987548828125,40.105129241943359
90783437,2018,2018-08-02,9285,2018-07-26,2020,019401,,4,2,9,3200,0,2,4,,2,082,"QUINCY LA PORTE ROAD","LEXINGTON HILL ROAD",2915.00,S,N,A,-,N,,,,,,,,,,Y,2,0,1,1,A,-,08,22107,,N,F,A,A,A,H,-,D,D,0,,,,,Y,,A,07,1,0,0,0,0,0,0,0,0,"- ","- ",39.659500122070312,-121.0155029296875,PLUMAS,UNINCORPORATED,-121.0152587890625,39.659759521484375
90784644,2018,2018-08-06,9165,2018-07-29,1430,018859,,7,2,9,3200,0,3,5,,2,004,"GENESEE ROAD","BECKWOURTH GENESEE RD",10560.00,W,N,F,-,N,,,,,,,,,,N,2,0,1,1,C,-,18,,,N,H,H,A,A,H,-,A,D,0,,,Y,,Y,,-,"- ",1,0,0,0,0,0,0,0,1,"- ","- ",40.050418853759766,-120.78549957275391,PLUMAS,UNINCORPORATED,-120.78028869628906,40.050491333007812
90792439,2018,2018-08-16,9165,2018-08-11,1520,018859,,6,2,9,3200,0,1,3,,2,011,"SR-70 (E. MAIN STREET)","FAIRGROUNDS RD",190.00,E,N,A,-,Y,,,70,,,,,,,N,2,0,1,2,A,-,00,21221,,N,A,C,A,A,H,-,A,D,0,,,,,Y,Y,M,94,1,0,0,0,0,0,0,0,0,"- ","- ",39.934730529785156,-120.91423797607422,PLUMAS,UNINCORPORATED,-120.91424560546875,39.93463134765625
90847091,2018,2018-10-29,9165,2018-10-17,1422,019781,,3,2,9,3200,0,1,3,,2,030,SR-70,"ROCK CREEK DAM",9504.00,W,N,A,-,Y,,,70,,,,,,,Y,2,0,1,1,A,-,08,22107,,N,F,A,A,A,H,-,A,D,0,,,,,Y,,D,22,1,0,0,0,0,0,0,0,0,"- ","- ",39.966999053955078,-121.27545928955078,PLUMAS,UNINCORPORATED,-121.27543640136719,39.967033386230469
91011249,2019,2019-06-17,9140,2019-06-09,1536,021043,,7,2,9,3200,0,3,5,,2,050,"UNMARKED USFS DIRT ROAD",SR-89,1584.00,E,N,A,-,N,,,,,,,,,,Y,2,0,3,1,A,-,08,22107,,N,E,I,A,A,G,-,A,D,0,,,,,Y,,A,07,2,1,0,0,0,0,0,0,0,"- ","- ",40.231151580810547,-121.20181274414062,PLUMAS,UNINCORPORATED,,
91017851,2019,2019-06-26,9165,2019-06-19,0158,019282,,3,3,9,3200,0,1,3,,2,031,SR-70,"26110 HWY 70.",1584.00,W,N,A,-,Y,,,70,,,,,,,Y,2,0,1,1,A,-,08,22107,,N,E,I,A,A,H,-,D,D,0,,,,,Y,,A,01,1,0,0,0,0,0,0,0,0,"- ","- ",40.017429351806641,-121.09580230712891,PLUMAS,UNINCORPORATED,-121.09580993652344,40.01739501953125
91021486,2019,2019-07-01,9165,2019-06-23,1236,019583,,7,1,9,3200,0,3,5,,2,005,"BECKWOURTH-TAYLORSVILLE RD","LAKE DAVIS RD",520.00,N,N,A,-,N,,,,,,,,,,N,2,0,2,2,A,-,03,22350,,N,C,A,A,A,H,-,A,D,0,,Y,,,Y,,L,04,1,1,0,0,0,0,2,0,0,"- ","- ",39.887298583984375,-120.47119903564453,PLUMAS,UNINCORPORATED,-120.47098541259766,39.887119293212891
91039684,2019,2019-07-26,9165,2019-07-20,1440,019416,,6,2,9,3200,0,1,3,,2,040,SR-89,"DAWN INSTITUTE ROAD",528.00,N,N,A,-,Y,,,89,,,,,,,Y,2,0,1,1,A,-,01,23152,A,N,E,I,A,A,H,-,A,D,0,,,,,Y,Y,D,22,1,0,0,0,0,0,0,0,0,"- ","- ",40.051528930664062,-120.97383117675781,PLUMAS,UNINCORPORATED,-120.97371673583984,40.051364898681641
91042745,2019,2020-03-12,9165,2019-07-08,1950,019781,,1,2,9,3200,0,1,3,,2,052,SR-70,SR-284,1584.00,E,N,A,-,Y,,,70,,,,,,,Y,2,0,3,3,A,-,01,23152,A,N,C,C,E,A,D,-,A,A,0,Y,,,,Y,Y,D,22,2,1,0,0,1,0,0,0,0,"- ","- ",39.797138214111328,-120.13407135009766,PLUMAS,UNINCORPORATED,-120.13407135009766,39.797130584716797
91053591,2019,2019-08-16,9165,2019-08-14,1034,018046,,3,1,9,3200,0,1,3,,2,052,"SR-70 E/B","MEADOW WAY",313.00,E,N,A,-,Y,,,70,,,,,,E,N,2,0,1,1,D,-,00,,,N,F,A,A,A,H,-,A,D,0,,Y,,,Y,,-,"- ",1,0,0,0,0,0,1,0,0,"- ","- ",39.814701080322266,-120.45744323730469,PLUMAS,UNINCORPORATED,-120.45743560791016,39.814693450927734
91067604,2019,2019-09-04,9140,2019-08-24,1535,021043,,6,2,9,3200,0,3,5,,2,050,"OSPREY LOOP","MAIDU DRIVE",0.00,,Y,A,-,N,,,,,,,,,,N,2,0,1,1,B,-,22,,,N,F,A,A,A,H,-,A,D,0,,,,,Y,,M,91,1,0,0,0,0,0,0,0,0,"- ","- ",40.234828948974609,-121.19435119628906,PLUMAS,UNINCORPORATED,-121.19550323486328,40.2347412109375
91072976,2019,2019-09-12,9165,2019-09-03,2137,019781,,2,2,9,3200,0,1,3,,2,052,SR-70,A-24,2112.00,W,N,A,-,Y,,,70,,,,,,,Y,2,0,2,1,A,-,01,23152,A,M,E,I,A,A,H,-,D,D,0,,,,,Y,Y,A,01,2,0,0,0,0,0,0,0,0,"- ","- ",39.817211151123047,-120.35128784179688,PLUMAS,UNINCORPORATED,-120.35128784179688,39.817234039306641
91085751,2019,2019-09-27,9285,2019-09-23,1310,017393,,1,1,9,3200,0,2,4,,2,082,"LA PORTE ROAD","LEXINGTON HILL ROAD",3168.00,S,N,A,-,N,,,,,,,,,,Y,2,0,1,1,A,-,08,22107,,N,F,A,A,A,H,-,A,D,0,,,Y,,Y,,C,02,1,0,0,0,0,0,0,0,1,"- ","- ",39.6597900390625,-121.01526641845703,PLUMAS,UNINCORPORATED,-121.01521301269531,39.659767150878906
91096204,2019,2020-06-26,9165,2019-09-02,1201,014395,,1,1,9,3200,0,3,5,,2,002,"BUCKS LAKE RD.","16305 BUCKS LAKE RD.",21.00,W,N,A,-,N,,,,,,,,,,Y,1,1,0,2,A,-,08,22107,,N,E,I,A,A,H,-,A,D,0,,,,,Y,Y,D,22,0,0,0,0,0,0,0,0,0,"- ","- ",39.877708435058594,-121.17212677001953,PLUMAS,UNINCORPORATED,-121.17212677001953,39.877708435058594
91099724,2019,2019-10-17,9140,2019-10-06,1337,021238,,7,1,9,3200,0,1,3,,2,051,"STATE ROUTE 36","MARYANN MEADOWS",7392.00,E,N,A,-,Y,,,,,,,,,,Y,2,0,2,1,A,-,08,22107,,N,E,I,A,A,H,-,A,D,0,,,,,Y,,A,01,1,1,0,0,0,0,0,0,0,"- ","- ",40.259479522705078,-121.29857635498047,PLUMAS,UNINCORPORATED,,
91109883,2019,2019-10-30,9165,2019-10-20,0010,019781,,7,3,9,3200,0,1,3,,2,053,SR-49,SR-70,5280.00,S,N,A,-,Y,,,49,,,,,,,Y,2,0,1,1,A,-,01,23152,A,M,E,I,A,A,H,-,D,D,0,,,,,Y,Y,D,22,1,0,0,0,0,0,0,0,0,"- ","- ",39.795150756835938,-120.17900848388672,PLUMAS,UNINCORPORATED,-120.17897033691406,39.795127868652344
91116840,2019,2019-11-11,9165,2019-11-02,1325,021571,,6,1,9,3200,0,1,3,,2,040,SR-89,SR-70,1517.00,N,N,A,-,Y,,,89,,,,,,,Y,2,0,1,1,A,-,01,23152,A,N,E,I,A,A,H,-,A,D,0,,,,,Y,Y,A,01,1,0,0,0,0,0,0,0,0,"- ","- ",40.041530609130859,-120.97969055175781,PLUMAS,UNINCORPORATED,-120.97969055175781,40.04150390625
91121793,2019,2019-11-18,9165,2019-11-10,1135,019993,,7,1,9,3200,0,3,5,,2,002,"LA PORTE RD","LOST CABIN SPRING RD",6336.00,S,N,A,-,N,,,,,,,,,,Y,2,0,1,1,A,-,03,22350,,N,F,A,A,C,H,-,A,D,0,,,Y,,Y,,C,02,1,0,0,0,0,0,0,0,1,"- ","- ",39.859470367431641,-120.84976959228516,PLUMAS,UNINCORPORATED,-120.84980010986328,39.859470367431641
91138021,2019,2019-12-06,9140,2019-11-30,1440,021043,,6,2,9,3200,0,1,3,,2,051,"STATE ROUTE 36","USFS ROAD 29N17",3168.00,E,N,B,-,Y,,,36,,,,,,,Y,2,0,1,1,A,-,03,22350,,N,E,I,A,C,B,-,A,A,0,,,,,Y,,D,22,1,0,0,0,0,0,0,0,0,"- ","- ",40.260818481445312,-121.29003143310547,PLUMAS,UNINCORPORATED,-121.29009246826172,40.260509490966797
91144224,2019,2019-12-16,9165,2019-12-12,0653,014395,,4,1,9,3200,0,3,5,,2,004,"GREENVILLE WOLF CREEK RD.","WOLF CREEK RD.",0.00,,Y,B,-,N,,,,,,,,,,Y,2,0,3,1,A,-,03,22350,,N,E,I,A,B,B,-,B,D,0,,,,,Y,,A,01,1,1,1,0,0,0,0,0,0,"- ","- ",40.168441772460938,-120.96888732910156,PLUMAS,UNINCORPORATED,-120.96893799999999,40.168505000000003
91149750,2019,2019-12-23,9165,2019-12-14,0050,019558,,6,3,9,3200,0,3,5,,2,001,"PIONEER ROAD","FAIRGROUND RD",121.00,E,N,B,C,N,,,,,,,,,,Y,2,0,4,1,A,-,01,23152,A,N,E,I,A,B,H,-,C,D,0,,,,,Y,Y,D,22,1,2,1,0,0,0,0,0,0,"- ","- ",39.936359405517578,-120.91454315185547,PLUMAS,UNINCORPORATED,-120.91455078125,39.936305999755859
91189834,2020,2020-02-20,9165,2020-02-12,1255,019282,,3,1,9,3200,0,1,3,,2,031,SR-70,"29362 HWY. 70",435.00,E,N,A,-,Y,,,70,,,,,,,Y,2,0,1,1,A,-,03,22350,,N,E,I,A,A,H,-,A,D,0,,,,Y,Y,,G,25,1,0,0,0,0,0,0,0,0,"- ","- ",40.019699096679688,-121.03073120117188,PLUMAS,UNINCORPORATED,-121.03076171875,40.019729614257812
91246438,2020,2020-06-02,9165,2020-05-30,2115,014395,,6,2,9,3200,0,1,3,,2,011,SR-70,"LA PORTE RD.",528.00,W,N,B,C,Y,,,70,,,,,,,Y,2,0,3,1,A,-,01,23152,A,N,E,I,A,B,H,-,D,D,0,,,,,Y,Y,A,07,2,1,0,0,0,0,0,0,0,"- ","- ",39.935558319091797,-120.88639068603516,PLUMAS,UNINCORPORATED,-120.88639068603516,39.935539245605469
91251114,2020,2020-06-12,9165,2020-05-02,2000,021571,,6,2,9,3200,0,1,3,,2,020,SR-70,"SQUIRREL CREEK RD",1578.00,E,N,B,-,Y,,,70,,,,,,,Y,1,1,0,1,A,-,01,23152,A,N,F,A,A,A,H,-,B,D,0,,,,,Y,Y,D,22,0,0,0,0,0,0,0,0,0,"- ","- ",39.909019470214844,-120.80236053466797,PLUMAS,UNINCORPORATED,-120.80238342285156,39.908969879150391
91256685,2020,2020-06-24,9285,2020-06-13,1900,020224,,6,2,9,3200,0,3,5,,1,008,"PORT WINE RD","CHURCH ST",1584.00,S,N,A,-,N,,,,,,,,,,N,2,0,1,1,B,-,22,,,N,F,A,A,A,H,-,A,D,0,,,Y,,Y,,C,06,1,0,0,0,0,0,0,0,1,"- ","- ",39.670669555664062,-120.97145843505859,PLUMAS,UNINCORPORATED,-120.98017883300781,39.676601409912109
91263280,2020,2020-07-06,9165,2020-06-28,1240,019416,,7,1,9,3200,0,1,3,,2,032,SR-70,"QUARRY RD",253.00,E,N,A,-,Y,,,70,,,,,,,Y,2,0,1,1,A,-,08,22107,,N,E,I,A,A,H,-,A,D,0,,,Y,,Y,,C,02,1,0,0,0,0,0,0,0,1,"- ","- ",40.035259246826172,-120.9642333984375,PLUMAS,UNINCORPORATED,-120.9642333984375,40.035255432128906
91266714,2020,2020-07-10,9165,2020-07-03,1845,019416,,5,2,9,3200,0,3,5,,2,004,"ERICKSON ROAD (USFS 26N81)","GREENVILLE WOLF CREEK ROAD",6336.00,W,N,A,-,N,,,,,,,,,,N,2,0,1,1,A,-,01,23152,A,N,F,A,A,A,A,-,A,D,0,,,Y,,Y,Y,C,06,1,0,0,0,0,0,0,0,1,"- ","- ",40.138069152832031,-120.97109222412109,PLUMAS,UNINCORPORATED,,
91267064,2020,2020-07-13,9140,2020-07-01,0935,015598,,3,1,9,3200,0,1,3,,2,052,"STATE ROUTE 147","VISTA POINT",1056.00,S,N,A,-,Y,,,147,,,,,,,Y,2,0,1,2,A,-,08,22107,,N,B,C,A,A,H,-,A,D,0,,,,,Y,,A,07,1,0,0,0,0,0,0,0,0,"- ","- ",40.176959991455078,-121.08113098144531,PLUMAS,UNINCORPORATED,-121.08126068115234,40.176944732666016
91293353,2020,2020-08-27,9165,2020-08-20,1910,018622,,4,2,9,3200,0,3,5,,2,002,"BUCKS LAKE RD","WHITE HORSE CAMPGROUND DRIVEWAY",587.00,W,N,A,-,N,,,,,,,,,,Y,2,0,1,1,A,-,01,23152,A,N,E,I,A,A,H,-,A,D,0,,,,,Y,Y,A,01,1,0,0,0,0,0,0,0,0,"- ","- ",39.888469696044922,-121.14337921142578,PLUMAS,UNINCORPORATED,,
91303482,2020,2020-09-14,9165,2020-09-05,0932,018243,,6,1,9,3200,0,1,3,,2,051,SR-70,"DELLEKER DRIVE",0.00,,Y,A,-,Y,,,70,,,,,,,Y,2,0,3,2,A,-,09,21802,A,N,D,C,A,A,H,-,A,A,0,,,,,Y,,A,01,2,1,0,0,0,0,0,0,0,"- ","- ",39.807239532470703,-120.4990234375,PLUMAS,UNINCORPORATED,-120.4990234375,39.8072509765625
91356913,2020,2020-12-02,9165,2020-11-22,1006,014395,,7,1,9,3200,0,1,3,,2,032,SR-70,"KEDDIE RESORT RD",2112.00,W,N,A,-,Y,,,70,,,,,,,Y,2,0,4,1,A,-,03,22350,,N,E,I,A,A,H,-,A,D,0,,,,,Y,,A,01,1,1,2,0,0,0,0,0,0,"- ","- ",40.017810821533203,-120.96366119384766,PLUMAS,UNINCORPORATED,-120.96365356445312,40.017772674560547
91364949,2020,2020-12-14,9165,2020-12-10,1136,014395,,4,1,9,3200,0,1,3,,2,030,SR-70,"LITTLE INDIAN CREEK",528.00,W,N,A,-,Y,,,70,,,,,,,Y,2,0,4,1,A,-,08,22107,,N,E,I,A,A,H,-,A,D,0,,,,,Y,,D,22,1,0,3,0,0,0,0,0,0,"- ","- ",40.005260467529297,-121.26651000976562,PLUMAS,UNINCORPORATED,-121.26650238037109,40.0052490234375
91371452,2020,2020-12-21,9165,2020-12-11,1723,018032,,5,2,9,3200,0,1,3,,2,011,"SR-70 (E. MAIN STREET)","FAIRGROUNDS ROAD",107.00,E,N,A,-,Y,,,70,,,,,,,N,2,0,1,2,A,-,11,21954,A,N,G,B,D,A,H,-,D,D,0,Y,,,,Y,Y,N,60,1,0,0,0,1,0,0,0,0,"- ","- ",39.934661865234375,-120.91455841064453,PLUMAS,UNINCORPORATED,-120.91455841064453,39.934642791748047
91378644,2020,2021-01-08,9165,2020-12-05,1700,019282,,6,2,9,3200,0,1,3,,2,031,SR-70,"RICH BAR ROAD",110.00,W,N,A,-,Y,,,70,,,,,,,Y,1,1,0,1,A,-,08,22107,,N,E,I,A,A,H,-,B,D,0,,,,,Y,,D,22,0,0,0,0,0,0,0,0,0,"- ","- ",40.012859344482422,-121.19383239746094,PLUMAS,UNINCORPORATED,-121.19384002685547,40.012840270996094
91391758,2021,2021-01-20,9165,2021-01-18,1525,014395,,1,2,9,3200,0,1,3,,2,031,SR-70,"RUSH CREEK BRIDGE",14256.00,W,N,A,-,Y,,,70,,,,,,,Y,2,0,2,2,A,-,05,21650,,N,A,C,A,A,H,-,A,D,0,,,,,Y,,D,22,1,1,0,0,0,0,0,0,0,"- ","- ",40.023380279541016,-121.16649627685547,PLUMAS,UNINCORPORATED,-121.16649627685547,40.023368835449219
91433861,2021,2021-03-24,9165,2021-03-17,1155,019416,,3,1,9,3200,0,3,5,,2,004,"ANTELOPE RD","GENESEE INDIAN CREEK RD",0.00,,Y,A,-,N,,,,,,,,,,Y,2,0,1,2,A,-,09,21802,A,N,C,C,A,A,H,-,A,D,0,,,,Y,Y,,A,07,1,0,0,0,0,0,0,0,0,"- ","- ",40.067531585693359,-120.68282318115234,PLUMAS,UNINCORPORATED,-120.68267822265625,40.067584991455078
91445837,2021,2021-04-08,9165,2021-04-02,1622,018600,,5,2,9,3200,0,1,3,,2,020,SR-70,"MCELWAIN CIR",528.00,W,N,B,-,Y,,,70,,,,,,,N,2,0,1,1,C,-,18,,,N,H,H,A,A,H,-,A,D,0,,,Y,,Y,,-,"- ",1,0,0,0,0,0,0,0,1,"- ","- ",39.876171112060547,-120.72561645507812,PLUMAS,UNINCORPORATED,-120.72561645507812,39.876220703125
91449754,2021,2021-04-13,9165,2021-04-12,1009,017410,,1,1,9,3200,0,1,3,,2,020,SR-70,23N22,207.00,W,N,A,-,Y,,,70,,,,,,,Y,2,0,4,4,A,-,03,22350,,N,C,C,A,A,D,H,A,A,0,,,,,Y,,D,22,1,2,1,0,0,0,0,0,0,"- ","- ",39.878818511962891,-120.76158142089844,PLUMAS,UNINCORPORATED,-120.76158142089844,39.878818511962891
91450927,2021,2021-04-15,9165,2021-04-11,1855,018600,,7,2,9,3200,0,1,3,,2,040,SR-89,"EAST BRANCH SODA CREEK",3696.00,S,N,A,-,Y,,,89,,,,,,,Y,2,0,2,2,A,-,05,21460,A,N,A,C,A,A,H,-,A,D,0,,,Y,,Y,,C,02,1,1,0,0,0,0,0,0,1,"- ","- ",40.046749114990234,-120.97750091552734,PLUMAS,UNINCORPORATED,-120.97752380371094,40.046730041503906
91493744,2021,2021-06-10,9165,2021-06-03,0823,018506,,4,1,9,3200,0,1,3,,2,051,SR-70,"SIERRA SPRINGS DR",100.00,E,N,A,-,Y,,,70,,,,,,,Y,2,0,1,1,A,-,08,22107,,N,E,8,A,A,H,-,A,D,0,,,,,Y,,A,07,1,0,0,0,0,0,0,0,0,"- ","- ",39.777839660644531,-120.56214904785156,PLUMAS,UNINCORPORATED,-120.56217956542969,39.77789306640625