CASE_ID,ACCIDENT_YEAR,PROC_DATE,JURIS,COLLISION_DATE,COLLISION_TIME,OFFICER_ID,REPORTING_DISTRICT,DAY_OF_WEEK,CHP_SHIFT,POPULATION,CNTY_CITY_LOC,SPECIAL_COND,BEAT_TYPE,CHP_BEAT_TYPE,CITY_DIVISION_LAPD,CHP_BEAT_CLASS,BEAT_NUMBER,PRIMARY_RD,SECONDARY_RD,DISTANCE,DIRECTION,INTERSECTION,WEATHER_1,WEATHER_2,STATE_HWY_IND,CALTRANS_COUNTY,CALTRANS_DISTRICT,STATE_ROUTE,ROUTE_SUFFIX,POSTMILE_PREFIX,POSTMILE,LOCATION_TYPE,RAMP_INTERSECTION,SIDE_OF_HWY,TOW_AWAY,COLLISION_SEVERITY,NUMBER_KILLED,NUMBER_INJURED,PARTY_COUNT,PRIMARY_COLL_FACTOR,PCF_CODE_OF_VIOL,PCF_VIOL_CATEGORY,PCF_VIOLATION,PCF_VIOL_SUBSECTION,HIT_AND_RUN,TYPE_OF_COLLISION,MVIW,PED_ACTION,ROAD_SURFACE,ROAD_COND_1,ROAD_COND_2,LIGHTING,CONTROL_DEVICE,CHP_ROAD_TYPE,PEDESTRIAN_ACCIDENT,BICYCLE_ACCIDENT,MOTORCYCLE_ACCIDENT,TRUCK_ACCIDENT,NOT_PRIVATE_PROPERTY,ALCOHOL_INVOLVED,STWD_VEHTYPE_AT_FAULT,CHP_VEHTYPE_AT_FAULT,COUNT_SEVERE_INJ,COUNT_VISIBLE_INJ,COUNT_COMPLAINT_PAIN,COUNT_PED_KILLED,COUNT_PED_INJURED,COUNT_BICYCLIST_KILLED,COUNT_BICYCLIST_INJURED,COUNT_MC_KILLED,COUNT_MC_INJURED,PRIMARY_RAMP,SECONDARY_RAMP,LATITUDE,LONGITUDE,COUNTY,CITY,POINT_X,POINT_Y
91528427,2021,2021-07-26,9165,2021-07-20,1127,019583,,2,1,9,3200,0,1,3,,2,052,SR-70,"BECKWOURTH-CALPINE ROAD (A23)",0.00,,Y,A,-,Y,,,70,,,,,,,Y,2,0,4,2,A,-,09,21801,A,N,A,C,A,A,H,-,A,D,0,,,,,Y,,A,01,1,0,3,0,0,0,0,0,0,"- ","- ",39.821231842041016,-120.39238739013672,PLUMAS,UNINCORPORATED,-120.39238739013672,39.821235656738281
91539412,2021,2021-09-06,9165,2021-06-08,0839,019583,,2,1,9,3200,0,1,3,,2,051,SR-70,"MOHAWK VISTA RD",1304.00,W,N,A,-,Y,,,70,,,,,,,Y,1,1,1,1,A,-,01,23152,F,N,E,8,A,A,H,-,A,D,0,,,,,Y,,A,07,0,1,0,0,0,0,0,0,0,"- ","- ",39.776908874511719,-120.57431793212891,PLUMAS,UNINCORPORATED,-120.57431030273438,39.776897430419922
91560108,2021,2021-09-01,9165,2021-07-05,2050,021091,,1,2,9,3200,0,3,5,,2,005,"LUNDY LN","PONDEROSA DRIVE",17.00,S,N,C,-,N,,,,,,,,,,N,1,1,0,1,A,-,08,22107,,N,H,A,A,A,H,-,D,D,0,,,,,Y,Y,D,22,0,0,0,0,0,0,0,0,0,"- ","- ",39.795810699462891,-120.6466064453125,PLUMAS,UNINCORPORATED,-120.64669799804688,39.795902252197266
91562318,2021,2021-09-03,9165,2021-08-21,0906,014395,,6,1,9,3200,0,1,3,,2,031,SR-70,"TWAIN STORE RD.",2640.00,E,N,A,-,Y,,,70,,,,,,,Y,1,1,0,1,A,-,08,22107,,N,E,8,A,A,D,-,A,D,0,,,,,Y,,D,22,0,0,0,0,0,0,0,0,0,"- ","- ",40.023670196533203,-121.06413269042969,PLUMAS,UNINCORPORATED,-121.06413269042969,40.023654937744141
91567819,2021,2021-10-25,9140,2021-07-18,0225,020569,,7,3,9,3200,0,1,3,,2,051,"HWY 36","HWY 89",21120.00,W,N,A,-,Y,,,36,,,,,,,Y,1,1,1,1,A,-,08,22107,,N,E,I,A,A,H,-,D,D,0,,,,,Y,,D,22,0,1,0,0,0,0,0,0,0,"- ","- ",40.262138366699219,-121.27989959716797,PLUMAS,UNINCORPORATED,-121.27989959716797,40.262191772460938
91582317,2021,2021-10-20,9165,2021-09-21,0837,017410,,2,1,9,3200,0,1,3,,2,041,SR-89,"ALTA CAMP RD.",230.00,N,N,A,-,Y,,,89,,,,,,,Y,2,0,1,1,A,-,08,22107,,N,E,I,A,A,H,-,A,D,0,,,,,Y,,D,23,1,0,0,0,0,0,0,0,0,"- ","- ",40.148990631103516,-120.95546722412109,PLUMAS,UNINCORPORATED,-120.95555114746094,40.149002075195312
91642938,2021,2021-12-06,9165,2021-12-02,0550,018046,,4,3,9,3200,0,1,3,,2,041,SR-89,"GREENVILLE WOLFCREEK ROAD",7392.00,N,N,A,-,Y,,,89,,,,,,,Y,2,0,2,2,A,-,03,22350,,N,A,C,A,C,H,-,D,D,0,,,,,Y,,A,01,2,0,0,0,0,0,0,0,0,"- ","- ",40.174221038818359,-120.99366760253906,PLUMAS,UNINCORPORATED,-120.99365997314453,40.174263000488281
91722819,2022,2022-03-15,9165,2022-03-09,1700,019558,,3,2,9,3200,0,1,3,,2,031,SR-70,"RICH BAR ROAD",4491.00,E,N,A,-,Y,PLU,,70,,,20.493,H,,R,Y,2,0,1,1,C,-,18,,,N,E,9,A,A,H,-,A,D,0,,,,,Y,Y,-,"- ",1,0,0,0,0,0,0,0,0,"- ","- ",40.017921447753906,-121.17009735107422,PLUMAS,UNINCORPORATED,-121.17009735107422,40.017913818359375
91726446,2022,2022-03-18,9165,2022-03-11,1700,018859,,5,2,9,3200,0,1,3,,2,021,SR-70,"LITTLE BEAR ROAD",10.00,W,N,A,-,Y,PLU,,70,,,65.395,H,,R,Y,2,0,1,1,C,-,18,,,N,H,H,A,A,H,-,A,D,0,,,,,Y,,-,"- ",1,0,0,0,0,0,0,0,0,"- ","- ",39.792888641357422,-120.63764953613281,PLUMAS,UNINCORPORATED,-120.63763427734375,39.792896270751953
91777254,2022,2022-05-23,9165,2022-05-15,0230,021091,,7,3,9,3200,0,3,5,,2,002,"USFS ROAD 24N20",SR-70,960.00,S,N,A,-,N,,,,,,,,,,N,2,0,1,1,A,-,01,23152,A,N,E,I,A,A,H,-,D,D,0,,,,,Y,Y,A,07,1,0,0,0,0,0,0,0,0,"- ","- ",39.933059692382812,-120.91233062744141,PLUMAS,UNINCORPORATED,,
91779969,2022,2022-05-25,9140,2022-05-16,1506,018645,,1,2,9,3200,0,1,3,,2,051,SR-36,"CR A13",0.00,,Y,A,-,Y,PLU,,36,,R,13.089,H,,R,Y,2,0,2,3,A,-,09,21804,A,N,D,C,A,A,H,-,A,A,0,,,,Y,Y,,A,01,1,1,0,0,0,0,0,0,0,"- ","- ",40.3013916015625,-121.15811920166016,PLUMAS,UNINCORPORATED,-121.15809631347656,40.301502227783203
91780030,2022,2022-05-25,9140,2022-05-17,1445,015598,,2,2,9,3200,0,3,5,,2,050,"COUNTY ROAD 318 (JUNIPER LAKE RD.)","COUNTY ROAD 312 (CHESTER-WARNER VALLEY RD.)",6547.00,N,N,A,-,N,,,,,,,,,,Y,2,0,1,1,C,-,18,,,N,H,H,A,A,H,-,A,D,0,,,Y,,Y,,-,"- ",1,0,0,0,0,0,0,0,1,"- ","- ",40.335430145263672,-121.25285339355469,PLUMAS,UNINCORPORATED,,
91793537,2022,2022-06-13,9165,2022-06-05,1450,018243,,7,2,9,3200,0,3,5,,2,005,"LAKE DAVIS ROAD","DE PERSIA DRIVE",7392.00,N,N,A,-,N,,,,,,,,,,Y,2,0,1,1,A,-,01,23152,A,N,E,I,A,A,H,-,A,D,0,,,,,Y,Y,A,07,1,0,0,0,0,0,0,0,0,"- ","- ",39.834430694580078,-120.49587249755859,PLUMAS,UNINCORPORATED,-120.49584197998047,39.834453582763672
91837536,2022,2022-08-10,9165,2022-08-08,1652,019781,,1,2,9,3200,0,1,3,,2,051,SR-70,"DELLEKER DR",3696.00,E,N,A,-,Y,PLU,,70,,,74.920,H,,R,Y,2,0,1,2,A,-,03,22350,,N,C,C,A,A,H,-,A,D,0,,,Y,,Y,Y,C,02,1,0,0,0,0,0,0,0,1,"- ","- ",39.807830810546875,-120.48586273193359,PLUMAS,UNINCORPORATED,-120.48583221435547,39.807907104492188
91839731,2022,2022-08-15,9165,2022-08-06,1935,019416,,6,2,9,3200,0,3,5,,2,004,"GENESEE RD","GRIZZLY RD",6864.00,W,N,A,-,N,,,,,,,,,,Y,2,0,2,1,A,-,08,22107,,N,E,I,A,A,H,-,A,D,0,,,,,Y,Y,A,01,1,1,0,0,0,0,0,0,0,"- ","- ",40.044231414794922,-120.77133178710938,PLUMAS,UNINCORPORATED,,
91842201,2022,2022-08-17,9165,2022-08-12,2130,021571,,5,2,9,3200,0,1,3,,2,030,SR-70,"GRIZZLY DOME TUNNEL (WEST ENTRANCE)",29.00,W,N,A,-,Y,PLU,,70,,,0.720,H,,R,Y,2,0,1,1,A,-,03,22350,,N,E,8,A,A,H,-,D,D,0,,,,,Y,,A,01,1,0,0,0,0,0,0,0,0,"- ","- ",39.869049072265625,-121.37345886230469,PLUMAS,UNINCORPORATED,-121.37334442138672,39.868999481201172
91844977,2022,2022-08-22,9165,2022-08-13,1500,019416,,6,2,9,3200,0,1,3,,2,031,SR-70,"SODA CREEK ROAD",4224.00,W,N,A,-,Y,PLU,,70,,,31.132,H,,R,N,2,0,1,1,A,-,03,22350,,N,E,J,A,A,C,-,A,D,0,,,Y,,Y,,C,02,1,0,0,0,0,0,0,0,1,"- ","- ",40.035499572753906,-121.010498046875,PLUMAS,UNINCORPORATED,-121.010498046875,40.035495758056641
91846300,2022,2022-08-23,9165,2022-08-14,1400,018046,,7,2,9,3200,0,1,3,,2,030,SR-70,"BELDEN TOWN ROAD",15312.00,W,N,A,-,Y,PLU,,70,,,12.128,H,,R,N,2,0,1,1,C,-,18,,,N,H,A,A,A,D,-,A,D,0,,,,,Y,,-,"- ",1,0,0,0,0,0,0,0,0,"- ","- ",39.986240386962891,-121.28395843505859,PLUMAS,UNINCORPORATED,-121.28396606445312,39.986236572265625
91849045,2022,2022-08-25,9140,2022-08-13,2322,021815,,6,3,9,3200,0,3,5,,2,050,"CLIFFORD DR","CLIFFORD TRAIL",61.00,S,N,A,-,N,,,,,,,,,,Y,2,0,1,1,A,-,01,23152,A,N,E,I,A,A,H,-,D,D,0,,,,,Y,Y,A,01,1,0,0,0,0,0,0,0,0,"- ","- ",40.259819030761719,-121.14835357666016,PLUMAS,UNINCORPORATED,-121.14846038818359,40.259693145751953
91890995,2022,2022-10-17,9165,2022-10-08,2330,019583,,6,3,9,3200,0,3,5,,2,005,"DYSON LANE","HARRIET LN",2256.00,E,N,A,-,N,,,,,,,,,,Y,2,0,1,1,A,-,08,22107,,N,F,A,A,A,H,-,D,D,0,,,,,Y,,D,22,1,0,0,0,0,0,0,0,0,"- ","- ",39.751731872558594,-120.29717254638672,PLUMAS,UNINCORPORATED,-120.29759979248047,39.751708984375
91898103,2022,2022-10-24,9140,2022-10-07,1255,021238,,5,1,9,3200,0,3,5,,2,050,"WARNER VALLEY RD (PLUMAS COUNTY ROAD 312)",30N37,10560.00,N,N,A,-,N,,,,,,,,,,N,2,0,1,1,A,-,08,22107,,N,F,A,A,A,H,-,A,D,0,,,Y,,Y,,C,02,1,0,0,0,0,0,0,0,1,"- ","- ",40.425991058349609,-121.33527374267578,PLUMAS,UNINCORPORATED,,
91905330,2022,2022-10-31,9165,2022-10-28,1740,018859,,5,2,9,3200,0,3,5,,2,004,"ARLINGTON RD","VIACAVA RANCH ROAD",2112.00,W,N,A,-,N,,,,,,,,,,Y,2,0,1,1,A,-,01,23152,A,N,F,A,A,A,H,-,A,D,0,,,Y,,Y,Y,C,02,1,0,0,0,0,0,0,0,1,"- ","- ",40.081920623779297,-120.85501861572266,PLUMAS,UNINCORPORATED,-120.85502624511719,40.082019805908203
91906642,2022,2022-11-01,9140,2022-10-01,2025,021815,,6,2,9,3200,0,3,5,,2,050,"LYNX RD","LAKE RIDGE RD",110.00,E,N,A,-,N,,,,,,,,,,Y,2,0,2,1,A,-,01,23152,A,N,E,I,A,A,H,-,D,D,0,,,Y,,Y,Y,C,06,2,0,0,0,0,0,0,0,2,"- ","- ",40.241729736328125,-121.14620208740234,PLUMAS,UNINCORPORATED,-121.14631652832031,40.241725921630859
91980137,2023,2023-01-27,9165,2023-01-21,1240,019282,,6,1,9,3200,0,1,3,,2,031,SR-70,"29362 SR-70",1115.00,E,N,A,-,Y,PLU,,70," "," ",29.384,H,,R,N,2,0,1,2,B,-,22,,,N,G,B,F,A,C,-,A,D,0,Y,,,Y,Y,,F,26,1,0,0,0,1,0,0,0,0,"- ","- ",40.021091461181641,-121.03032684326172,PLUMAS,UNINCORPORATED,-121.03038787841797,40.021095275878906
91995479,2023,2023-02-15,9165,2023-02-08,"110 ",019781,,3,3,9,3200,0,1,3,,2,050,SR-89,"TOLOWA TRAIL",311.00,S,N,A,-,Y,PLU,,89," "," ",6.587,H,,R,Y,2,0,1,1,A,-,01,23152,A,N,E,8,A,A,H,-,D,D,0,,,,,Y,Y,A,07,1,0,0,0,0,0,0,0,0,"- ","- ",39.760570526123047,-120.60569763183594,PLUMAS,UNINCORPORATED,-120.605712890625,39.760540008544922
92010939,2023,2023-03-06,9140,2023-02-18,"9   ",021888,,6,3,9,3200,0,3,5,,2,040,"CHESTER SKI ROAD",SR-36,2640.00,N,N,A,-,N,,,,,,,,,,Y,2,0,2,1,A,-,03,22350,,N,F,A,A,A,H,-,D,D,0,,,,,Y,,A,01,1,1,0,0,0,0,0,0,0,"- ","- ",40.284469604492188,-121.25569915771484,PLUMAS,UNINCORPORATED,,
92069700,2023,2023-05-16,9165,2023-05-09,"207 ",018046,,2,3,9,3200,0,3,5,,2,002,"BUCKS LAKE ROAD","SNAKE LAKE ROAD",911.00,E,N,A,-,N,,,,,,,,,,Y,2,0,1,1,A,-,08,22107,,N,E,8,A,A,H,-,D,D,0,,,,,Y,,A,07,1,0,0,0,0,0,0,0,0,"- ","- ",39.948860168457031,-121.03462219238281,PLUMAS,UNINCORPORATED,-121.03463745117188,39.948898315429688
92070144,2023,2023-05-16,9165,2023-05-11,1430,019416,,4,2,9,3200,0,1,3,,2,040,SR-89,"DAWN INSTITUTE ROAD",528.00,N,N,A,-,Y,PLU,,89," "," ",10.517,H,,R,N,2,0,1,1,A,-,08,22107,,N,F,A,A,A,H,-,A,D,0,,,Y,,Y,,C,02,1,0,0,0,0,0,0,0,1,"- ","- ",40.050849914550781,-120.97527313232422,PLUMAS,UNINCORPORATED,-120.97526550292969,40.050880432128906
92139850,2023,2023-08-09,9140,2023-08-06,1615,021043,,7,2,9,3200,0,3,5,,2,050,"WARNER VALLEY ROAD","USFS ROAD 29N33",200.00,W,N,A,-,N,,,,,,,,,,Y,2,0,2,1,C,-,18,,,N,E,8,A,A,H,-,A,D,0,,,Y,,Y,,-,"- ",1,1,0,0,0,0,0,0,2,"- ","- ",40.361198425292969,-121.34217834472656,PLUMAS,UNINCORPORATED,,
92155140,2023,2023-08-28,9165,2023-08-17,1525,020692,,4,2,9,3200,0,1,3,,2,051,SR-70,"C ROAD",1056.00,E,N,A,-,Y,PLU,,70," "," ",69.584,H,,R,Y,2,0,1,1,A,-,08,22107,,N,E,I,A,A,H,-,A,D,0,,,,,Y,,D,22,1,0,0,0,0,0,0,0,0,"- ","- ",39.777149200439453,-120.57386016845703,PLUMAS,UNINCORPORATED,-120.57384490966797,39.777126312255859
92244228,2023,2023-11-27,9165,2023-11-16,1411,018506,,4,2,9,3200,0,3,5,,2,005,"PORTOLA MCCLEARS RD (A15)","SEMAPHORE RD",830.00,E,N,B,-,N,,,,,,,,,,Y,2,0,1,1,A,-,08,22107,,N,E,I,A,B,H,-,A,D,0,,,Y,,Y,,C,06,1,0,0,0,0,0,0,0,1,"- ","- ",39.787788391113281,-120.49693298339844,PLUMAS,UNINCORPORATED,-120.49690246582031,39.787746429443359
92334546,2024,2024-03-11,9165,2024-03-10,"620 ",018046,,7,1,9,3200,0,1,3,,2,020,SR-70,"SQUIRREL CREEK ROAD",528.00,W,N,B,-,Y,PLU,,70," "," ",51.391,H,,R,Y,2,0,2,2,A,-,03,22350,,N,A,C,A,C,H,-,D,D,0,,,,,Y,,D,22,1,1,0,0,0,0,0,0,0,"- ","- ",39.911781311035156,-120.81021881103516,PLUMAS,UNINCORPORATED,-120.81021118164062,39.911758422851562
92345621,2024,2024-03-25,9165,2024-03-15,1435,019416,,5,2,9,3200,0,3,5,,2,004,"SOBRERO WAY","BACHER ST",201.00,S,N,A,-,N,,,,,,,,,,N,2,0,1,1,A,-,03,22350,,N,F,A,A,A,H,-,A,D,0,,,Y,,Y,,C,02,1,0,0,0,0,0,0,0,1,"- ","- ",40.097591400146484,-120.91204071044922,PLUMAS,UNINCORPORATED,-120.91196441650391,40.097637176513672
92380115,2024,2024-05-02,9165,2024-04-23,"210 ",019583,,2,3,9,3200,0,1,3,,2,050,SR-89,"MAIDU TRL",235.00,N,N,A,-,Y,PLU,,89," "," ",7.271,H,,R,Y,2,0,1,1,A,-,01,23152,A,N,E,8,A,A,H,-,D,D,0,,,,,Y,Y,A,01,1,0,0,0,0,0,0,0,0,"- ","- ",39.764720916748047,-120.61715698242188,PLUMAS,UNINCORPORATED,-120.61714172363281,39.764736175537109
92409565,2024,2024-06-10,9165,2024-06-01,1250,019416,,6,1,9,3200,0,1,3,,2,040,SR-89,"SR-70 (GREENVILLE WYE)",5808.00,N,N,A,-,Y,PLU,,89," "," ",9.852,H,,R,Y,2,0,1,1,A,-,03,22350,,N,F,A,A,A,H,-,A,D,0,,,Y,,Y,,C,02,1,0,0,0,0,0,0,0,1,"- ","- ",40.047000885009766,-120.97782135009766,PLUMAS,UNINCORPORATED,-120.97783660888672,40.046985626220703
92415659,2024,2024-06-17,9165,2024-06-15,1830,019558,,6,2,9,3200,0,3,5,,2,005,"FRENCHMAN BLVD","COTTONWOOD SPRINGS CAMP GROUND (SOUTH ENTRANCE)",173.00,N,N,A,-,N,,,,,,,,,,Y,2,0,1,1,A,-,03,22350,,N,F,A,A,A,H,-,A,D,0,,,Y,,Y,,-,"- ",1,0,0,0,0,0,0,0,1,"- ","- ",39.890201568603516,-120.2135009765625,PLUMAS,UNINCORPORATED,,
92429855,2024,2024-07-03,9165,2024-06-28,"712 ",014395,,5,1,9,3200,0,1,3,,2,032,SR-70,"OLD HWY (W)",0.00,,Y,A,-,Y,PLU,,70," "," ",37.403,H,,R,Y,2,0,1,2,A,-,09,21802,A,N,D,C,A,A,H,-,A,A,0,,,,,Y,,A,01,1,0,0,0,0,0,0,0,0,"- ","- ",40.004180908203125,-120.95793151855469,PLUMAS,UNINCORPORATED,-120.95793151855469,40.004180908203125
92435837,2024,2024-07-11,9165,2024-06-28,2141,018622,,5,2,9,3200,0,1,3,,2,030,SR-70,"TOBIN BRIDGE",658.00,E,N,A,-,Y,PLU,,70," "," ",7.216,H,,R,Y,2,0,1,1,A,-,08,22107,,N,E,8,A,A,H,-,D,D,0,,,,,Y,,M,50,1,0,0,0,0,0,0,0,0,"- ","- ",39.938201904296875,-121.31478118896484,PLUMAS,UNINCORPORATED,-121.31478118896484,39.938213348388672
92442258,2024,2024-07-18,9165,2024-07-08,1605,020692,,1,2,9,3200,0,1,3,,2,052,SR-70,SR-49,1056.00,E,N,A,-,Y,PLU,,70," "," ",92.284,H,,R,Y,2,0,3,2,A,-,05,21460,A,N,B,C,A,A,H,-,A,D,0,,,,,Y,,D,22,2,1,0,0,0,0,0,0,0,"- ","- ",39.803211212158203,-120.17434692382812,PLUMAS,UNINCORPORATED,-120.17433929443359,39.803230285644531
92800426,2024,2024-07-29,9165,2024-07-26,"751 ",014395,,5,1,9,3200,0,1,3,,2,040,SR-89,SR-70,5280.00,N,N,A,-,Y,PLU,,89," "," ",9.827,H,,R,N,2,0,1,1,A,-,03,22350,,N,E,I,A,A,H,-,A,D,0,,,Y,,Y,,C,02,1,0,0,0,0,0,0,0,1,"- ","- ",40.046730041503906,-120.97750091552734,PLUMAS,UNINCORPORATED,-120.97752380371094,40.046718597412109
94020070,2024,2024-08-12,9165,2024-08-09,1455,019416,,5,2,9,3200,0,1,3,,2,040,SR-89,"SR-70 (GREENVILLE WYE)",3696.00,N,N,A,-,Y,PLU,,89," "," ",9.447,H,,R,Y,2,0,1,1,A,-,08,22107,,N,F,A,A,A,H,-,A,D,0,,,Y,,Y,,C,02,1,0,0,0,0,0,0,0,1,"- ","- ",40.041481018066406,-120.97605895996094,PLUMAS,UNINCORPORATED,-120.97608184814453,40.041477203369141
94368496,2024,2024-08-26,9165,2024-08-15,1622,023990,,4,2,9,3200,0,1,3,,2,021,SR-70,"70 PLU 61.00",147.00,E,N,A,-,Y,PLU,,70," ",R,61.051,H,,R,Y,2,0,5,2,A,-,05,21460,A,N,A,2,A,A,H,-,A,D,0,,,,Y,Y,,G,25,2,2,1,0,0,0,0,0,0,"- ","- ",39.840019226074219,-120.67801666259766,PLUMAS,UNINCORPORATED,-120.67805480957031,39.840007781982422
94370804,2024,2024-08-27,9140,2024-08-15,1920,023792,,4,2,9,3200,0,3,5,,2,050,"UNMARKED ROAD","PRATTVILLE BUTT RESERVOIR ROAD",528.00,S,N,A,-,N,,,,,,,,,,N,2,0,1,1,A,-,03,38305,,N,F,A,A,A,A,G,B,D,0,,,Y,,Y,,C,06,1,0,0,0,0,0,0,0,1,"- ","- ",40.170558929443359,-121.18475341796875,PLUMAS,UNINCORPORATED,,
94385462,2024,2024-09-09,9165,2024-08-27,1225,023868,,2,1,9,3200,0,1,3,,2,021,SR-70,"CAMP LAYMAN ROAD",25.00,W,N,A,-,Y,PLU,,70," ",R,61.501,H,,R,Y,2,0,1,2,A,-,03,22350,,N,C,C,A,A,D,-,A,A,0,,,,Y,Y,,D,22,1,0,0,0,0,0,0,0,0,"- ","- ",39.834648132324219,-120.67365264892578,PLUMAS,UNINCORPORATED,-120.67362976074219,39.83465576171875
94500470,2024,2024-12-13,9165,2024-11-20,1620,014395,,3,2,9,3200,0,1,3,,2,040,SR-89,"DIXIE CANYON ROAD",38.00,N,N,B,C,Y,PLU,,89," "," ",13.639,H,,R,Y,1,1,0,1,A,-,08,22107,,N,E,8,A,B,H,-,A,D,0,,,,,Y,,A,07,0,0,0,0,0,0,0,0,0,"- ","- ",40.076511383056641,-120.93688201904297,PLUMAS,UNINCORPORATED,-120.93690490722656,40.076564788818359
94549705,2025,2025-01-27,9165,2025-01-10,"3   ",020569,,5,3,9,3200,0,1,3,,2,052,SR-70,"CONESTOGA DR",528.00,E,N,A,-,Y,PLU,,70," "," ",95.759,H,,R,Y,2,0,1,1,A,-,08,22107,,N,F,A,A,A,H,-,D,D,0,,,,,Y,,A,07,1,0,0,0,0,0,0,0,0,"- ","- ",39.791358947753906,-120.11205291748047,PLUMAS,UNINCORPORATED,-120.11203002929688,39.791408538818359
94716433,2025,2025-06-06,9140,2025-05-30,1118,021043,,5,1,9,3200,0,1,3,,2,053,"STATE ROUTE 89","ALMANOR DRIVE WEST",0.00,,Y,A,-,Y,PLU,,89," "," ",36.629,H,,R,Y,2,0,2,2,A,-,09,21801,A,N,D,C,A,A,H,-,A,D,0,,,,,Y,Y,A,01,1,1,0,0,0,0,0,0,0,"- ","- ",40.216690063476562,-121.18972778320312,PLUMAS,UNINCORPORATED,-121.18976593017578,40.216659545898438
94717194,2025,2025-06-09,9165,2025-06-02,1840,020569,,1,2,9,3200,0,3,5,,2,005,"BECKWOURTH GENESEE ROAD",SR-70,15312.00,N,N,A,-,N,,,,,,,,,,Y,2,0,1,1,A,-,08,22107,,N,F,A,A,A,H,-,A,D,0,,,Y,,Y,,C,02,1,0,0,0,0,0,0,0,1,"- ","- ",39.855239868164062,-120.37667083740234,PLUMAS,UNINCORPORATED,-120.38184356689453,39.856739044189453
94738243,2025,2025-06-25,9165,2025-06-17,1330,023990,,2,1,9,3200,0,3,5,,2,004,"CHINA GRADE ROAD","EMIGRANT ROAD",3892.00,S,N,A,-,N,,,,,,,,,,N,2,0,2,1,A,-,08,38314,,N,F,A,A,A,H,-,A,D,0,,,Y,,Y,,C,06,1,1,0,0,0,0,0,0,2,"- ","- ",40.048320770263672,-120.8607177734375,PLUMAS,UNINCORPORATED,-120.86244964599609,40.047290802001953
94747396,2025,2025-07-07,9140,2025-06-21,"530 ",024573,,6,3,9,3200,0,1,3,,2,051,"STATE ROUTE 36","MELISSA AVENUE",15312.00,E,N,B,-,Y,PLU,,36," ",R,12.217,H,,R,Y,2,0,3,3,A,-,03,22350,,N,C,2,E,A,D,-,A,A,0,Y,,,,Y,,-,31,2,1,0,0,1,0,0,0,0,"- ","- ",40.311260223388672,-121.17178344726562,PLUMAS,UNINCORPORATED,-121.17176055908203,40.311271667480469
94747431,2025,2025-07-07,9140,2025-06-21,2017,016169,,6,2,9,3200,0,3,5,,2,050,"10 ROAD",SR-36,5280.00,N,N,A,-,N,,,,,,,,,,Y,2,0,1,1,A,-,08,22107,,N,F,A,A,A,H,-,B,D,0,,,,,Y,,A,07,1,0,0,0,0,0,0,0,0,"- ","- ",40.321990966796875,-121.19599914550781,PLUMAS,UNINCORPORATED,,
94751192,2025,2025-07-07,9165,2025-06-25,1130,023990,,3,1,9,3200,0,3,5,,2,004,"MOONLIGHT VALLEY ROAD","DIAMOND MOUNTAIN ROAD",7920.00,N,N,A,-,N,,,,,,,,,,N,2,0,2,2,B,-,22,,,N,F,A,A,A,H,-,A,D,0,,,Y,,Y,,-,"- ",1,1,0,0,0,0,0,0,2,"- ","- ",40.187801361083984,-120.80085754394531,PLUMAS,UNINCORPORATED,-120.78935241699219,40.174209594726562